city_id,year,population,registered_population,age_0_14,age_15_64,age_65_plus,urbanization_rate,population_density,average_wage,unemployment_rate,employees_number,primary_employment,secondary_employment,tertiary_employment,industry_employment_total,disposable_income,consumption_expenditures,urban_consumption_expenditures,rural_consumption_expenditures,urban_disposable_income,rural_disposable_income,population_lag1,population_lag2,year_lag1,year_lag2,gap_lag1,gap_lag2,population_diff1,population_growth1,population_diff2_avg,target_population_2y,target_year
city1,2000,,,49.0,178.0,36.0,,,,,,,,,,,,,,,,,,,,,,,,,,2002.0
city1,2001,,,,,,,,10340.0,3.0,,,,,,,,,,,,,,2000.0,,1.0,,,,,,2003.0
city1,2002,,,,,,,,13044.0,4.0,,,,,,,,,,,,,,2001.0,2000.0,1.0,2.0,,,,,2004.0
city1,2003,,,,,,,,16648.0,4.0,147.0,0.0,57.0,41.0,98.0,,,,,,,,,2002.0,2001.0,1.0,2.0,,,,,2005.0
city1,2004,,,,,,,,19968.0,,150.0,0.0,63.0,43.0,106.0,,,,,,,,,2003.0,2002.0,1.0,2.0,,,,272.0,2006.0
city1,2005,,,,,,,469.0,22024.0,4.0,158.0,0.0,66.0,50.0,116.0,,,,,,,,,2004.0,2003.0,1.0,2.0,,,,277.0,2007.0
city1,2006,272.0,258.0,,,,,477.0,23872.0,4.0,162.0,0.0,71.0,52.0,123.0,,,,,,,,,2005.0,2004.0,1.0,2.0,,,,280.0,2008.0
city1,2007,277.0,258.0,,,,48.0,483.0,26040.0,4.0,183.0,0.0,81.0,66.0,147.0,,,,,,,272.0,,2006.0,2005.0,1.0,2.0,5.0,0.01838235294117647,,282.0,2009.0
city1,2008,280.0,258.0,,,,49.0,486.0,28504.0,3.0,199.0,0.0,87.0,77.0,164.0,,,,,,,277.0,272.0,2007.0,2006.0,1.0,2.0,3.0,0.010830324909747292,4.0,285.0,2010.0
city1,2009,282.0,259.0,,,,50.0,491.0,31456.0,3.0,199.0,0.0,87.0,77.0,164.0,,,,,,,280.0,277.0,2008.0,2007.0,1.0,2.0,2.0,0.007142857142857143,2.5,289.0,2011.0
city1,2010,285.0,259.0,34.0,209.0,47.0,51.0,499.0,33840.0,3.0,180.0,0.0,89.0,56.0,145.0,,,,,,,282.0,280.0,2009.0,2008.0,1.0,2.0,3.0,0.010638297872340425,2.5,290.0,2012.0
city1,2011,289.0,260.0,,,,53.0,500.0,36484.0,3.0,180.0,0.0,91.0,59.0,150.0,,,,,,,285.0,282.0,2010.0,2009.0,1.0,2.0,4.0,0.014035087719298246,3.5,291.0,2013.0
city1,2012,290.0,261.0,,,,53.0,501.0,41104.0,3.0,180.0,0.0,92.0,62.0,154.0,,,,,,,289.0,285.0,2011.0,2010.0,1.0,2.0,1.0,0.0034602076124567475,2.5,292.0,2014.0
city1,2013,291.0,261.0,,,,55.0,503.0,46288.0,3.0,181.0,0.0,92.0,64.0,156.0,,,,12440.0,35750.0,20256.0,290.0,289.0,2012.0,2011.0,1.0,2.0,1.0,0.0034482758620689655,1.0,293.0,2015.0
city1,2014,292.0,262.0,,,,56.0,505.0,49888.0,3.0,183.0,0.0,94.0,65.0,159.0,,,23196.0,14836.0,38955.0,22404.0,291.0,290.0,2013.0,2012.0,1.0,2.0,1.0,0.003436426116838488,1.0,295.0,2016.0
city1,2015,293.0,264.0,,,,57.0,509.0,56444.0,3.0,184.0,0.0,95.0,67.0,162.0,31508.0,20356.0,24872.0,16112.0,42235.0,24408.0,292.0,291.0,2014.0,2013.0,1.0,2.0,1.0,0.003424657534246575,1.0,298.0,2017.0
city1,2016,295.0,264.0,,,,59.0,513.0,61200.0,3.0,187.0,0.0,96.0,69.0,165.0,34248.0,22020.0,26812.0,17608.0,45790.0,26508.0,293.0,292.0,2015.0,2014.0,1.0,2.0,2.0,0.006825938566552901,1.5,300.0,2018.0
city1,2017,298.0,265.0,,,,61.0,516.0,65048.0,2.0,189.0,0.0,96.0,72.0,168.0,37192.0,23216.0,27728.0,18664.0,49930.0,28996.0,295.0,293.0,2016.0,2015.0,1.0,2.0,3.0,0.010169491525423728,2.5,303.0,2019.0
city1,2018,300.0,266.0,,,,62.0,522.0,72332.0,2.0,192.0,0.0,96.0,74.0,170.0,40700.0,24420.0,28960.0,20716.0,54390.0,31764.0,298.0,295.0,2017.0,2016.0,1.0,2.0,2.0,0.006711409395973154,2.5,306.0,2020.0
city1,2019,303.0,267.0,,,,64.0,528.0,81616.0,2.0,194.0,0.0,95.0,79.0,174.0,44484.0,26964.0,31828.0,22612.0,59025.0,34800.0,300.0,298.0,2018.0,2017.0,1.0,2.0,3.0,0.01,2.5,337.0,2021.0
city1,2020,306.0,268.0,40.0,225.0,72.0,65.0,581.0,,2.0,,,,,,48672.0,29656.0,34916.0,22984.0,61740.0,37244.0,303.0,300.0,2019.0,2018.0,1.0,2.0,3.0,0.009900990099009901,3.0,,2022.0
city1,2021,337.0,268.0,,,,66.0,587.0,97620.0,2.0,199.0,0.0,101.0,89.0,190.0,51800.0,30412.0,35488.0,27132.0,67980.0,41300.0,306.0,303.0,2020.0,2019.0,1.0,2.0,31.0,0.10130718954248366,17.0,,
city1,2022,,,,,,66.0,588.0,,,,,,,,57492.0,35870.0,41532.0,29356.0,71040.0,44112.0,337.0,306.0,2021.0,2020.0,1.0,2.0,,,,,
city10,2000,,,44.0,142.0,30.0,,,,,,,,,,,,,,,,,,,,,,,,,,2002.0
city10,2001,,,,,,,,10316.0,4.0,,,,,,,,,,,,,,2000.0,,1.0,,,,,,2003.0
city10,2002,,,,,,,,13408.0,4.0,,,,,,,,,,,,,,2001.0,2000.0,1.0,2.0,,,,,2004.0
city10,2003,,,,,,,,15944.0,4.0,142.0,73.0,29.0,40.0,142.0,,,,,,,,,2002.0,2001.0,1.0,2.0,,,,,2005.0
city10,2004,,,,,,,,18620.0,4.0,142.0,73.0,30.0,39.0,142.0,,,,,,,,,2003.0,2002.0,1.0,2.0,,,,227.0,2006.0
city10,2005,,,,,,,131.0,22916.0,4.0,142.0,69.0,32.0,41.0,142.0,,,,,,,,,2004.0,2003.0,1.0,2.0,,,,228.0,2007.0
city10,2006,227.0,251.0,,,,,132.0,24956.0,4.0,143.0,67.0,33.0,43.0,143.0,,,,,,,,,2005.0,2004.0,1.0,2.0,,,,229.0,2008.0
city10,2007,228.0,253.0,,,,39.0,132.0,27348.0,4.0,146.0,65.0,35.0,45.0,145.0,,,,,,,227.0,,2006.0,2005.0,1.0,2.0,1.0,0.004405286343612335,,230.0,2009.0
city10,2008,229.0,254.0,,,,41.0,133.0,31444.0,4.0,147.0,61.0,35.0,51.0,147.0,,,,,,,228.0,227.0,2007.0,2006.0,1.0,2.0,1.0,0.0043859649122807015,1.0,231.0,2010.0
city10,2009,230.0,255.0,,,,41.0,133.0,36240.0,4.0,150.0,63.0,37.0,50.0,150.0,,,,,,,229.0,228.0,2008.0,2007.0,1.0,2.0,1.0,0.004366812227074236,1.0,212.0,2011.0
city10,2010,231.0,257.0,36.0,141.0,38.0,42.0,122.0,41140.0,4.0,138.0,58.0,34.0,46.0,138.0,,,,,,,230.0,229.0,2009.0,2008.0,1.0,2.0,1.0,0.004347826086956522,1.0,212.0,2012.0
city10,2011,212.0,260.0,,,,48.0,122.0,44972.0,4.0,138.0,57.0,34.0,47.0,138.0,,,,,,,231.0,230.0,2010.0,2009.0,1.0,2.0,-19.0,-0.08225108225108226,-9.0,212.0,2013.0
city10,2012,212.0,261.0,,,,51.0,122.0,49068.0,3.0,139.0,55.0,35.0,49.0,139.0,,,,,,,212.0,231.0,2011.0,2010.0,1.0,2.0,0.0,0.0,-9.5,212.0,2014.0
city10,2013,212.0,263.0,,,,53.0,123.0,56608.0,3.0,140.0,54.0,36.0,51.0,141.0,,,,10080.0,28005.0,12168.0,212.0,212.0,2012.0,2011.0,1.0,2.0,0.0,0.0,0.0,213.0,2015.0
city10,2014,212.0,264.0,,,,54.0,123.0,59780.0,3.0,141.0,52.0,37.0,52.0,141.0,,,20004.0,11480.0,30410.0,13632.0,212.0,212.0,2013.0,2012.0,1.0,2.0,0.0,0.0,0.0,214.0,2016.0
city10,2015,213.0,266.0,,,,55.0,124.0,66100.0,3.0,141.0,52.0,37.0,53.0,142.0,22424.0,16920.0,21864.0,12676.0,32875.0,15000.0,212.0,212.0,2014.0,2013.0,1.0,2.0,1.0,0.0047169811320754715,0.5,217.0,2017.0
city10,2016,214.0,266.0,,,,56.0,125.0,77236.0,3.0,143.0,50.0,37.0,55.0,142.0,24400.0,18396.0,23556.0,13936.0,35965.0,16456.0,213.0,212.0,2015.0,2014.0,1.0,2.0,1.0,0.004694835680751174,1.0,219.0,2018.0
city10,2017,217.0,268.0,,,,58.0,126.0,85056.0,3.0,144.0,50.0,37.0,57.0,144.0,26756.0,19932.0,25296.0,15220.0,38995.0,18072.0,214.0,213.0,2016.0,2015.0,1.0,2.0,3.0,0.014018691588785047,2.0,220.0,2019.0
city10,2018,219.0,269.0,,,,60.0,127.0,92580.0,2.0,144.0,48.0,40.0,57.0,145.0,29328.0,21568.0,27016.0,16620.0,42555.0,19920.0,217.0,214.0,2017.0,2016.0,1.0,2.0,2.0,0.009216589861751152,2.5,221.0,2020.0
city10,2019,220.0,270.0,,,,62.0,128.0,103256.0,2.0,144.0,46.0,45.0,54.0,145.0,32244.0,23508.0,29268.0,18140.0,46435.0,21928.0,219.0,217.0,2018.0,2017.0,1.0,2.0,1.0,0.0045662100456621,1.5,251.0,2021.0
city10,2020,221.0,271.0,40.0,157.0,53.0,63.0,145.0,,2.0,,,,,,35448.0,25716.0,31876.0,18332.0,48530.0,23636.0,220.0,219.0,2019.0,2018.0,1.0,2.0,1.0,0.004545454545454545,1.0,,2022.0
city10,2021,251.0,271.0,,,,62.0,145.0,115580.0,2.0,142.0,14.0,51.0,77.0,142.0,37744.0,25940.0,31756.0,21612.0,53255.0,26384.0,221.0,220.0,2020.0,2019.0,1.0,2.0,30.0,0.13574660633484162,15.5,,
city10,2022,,,,,,63.0,145.0,,,,,,,,42036.0,30385.0,36676.0,23576.0,55780.0,28468.0,251.0,221.0,2021.0,2020.0,1.0,2.0,,,,,
city11,2000,,,64.0,247.0,48.0,,,,3.0,,,,,,,,,,,,,,,,,,,,,,2002.0
city11,2001,,,,,,,,12148.0,3.0,,,,,,,,,,,,,,2000.0,,1.0,,,,,,2003.0
city11,2002,,,,,,,,15352.0,4.0,,,,,,,,,,,,,,2001.0,2000.0,1.0,2.0,,,,,2004.0
city11,2003,,,,,,,,17876.0,4.0,200.0,49.0,100.0,51.0,200.0,,,,,,,,,2002.0,2001.0,1.0,2.0,,,,,2005.0
city11,2004,,,,,,,,20776.0,4.0,202.0,44.0,98.0,60.0,202.0,,,,,,,,,2003.0,2002.0,1.0,2.0,,,,400.0,2006.0
city11,2005,,,,,,,1025.0,20700.0,4.0,241.0,42.0,144.0,54.0,240.0,,,,,,,,,2004.0,2003.0,1.0,2.0,,,,408.0,2007.0
city11,2006,400.0,334.0,,,,,1046.0,20644.0,4.0,274.0,42.0,167.0,66.0,275.0,,,,,,,,,2005.0,2004.0,1.0,2.0,,,,419.0,2008.0
city11,2007,408.0,336.0,,,,48.0,1073.0,22624.0,4.0,289.0,39.0,181.0,69.0,289.0,,,,,,,400.0,,2006.0,2005.0,1.0,2.0,8.0,0.02,,423.0,2009.0
city11,2008,419.0,337.0,,,,49.0,1085.0,26004.0,4.0,294.0,37.0,177.0,80.0,294.0,,,,,,,408.0,400.0,2007.0,2006.0,1.0,2.0,11.0,0.02696078431372549,9.5,431.0,2010.0
city11,2009,423.0,338.0,,,,50.0,1106.0,29216.0,4.0,308.0,36.0,187.0,85.0,308.0,,,,,,,419.0,408.0,2008.0,2007.0,1.0,2.0,4.0,0.00954653937947494,7.5,450.0,2011.0
city11,2010,431.0,340.0,54.0,329.0,68.0,51.0,1154.0,31960.0,4.0,318.0,35.0,193.0,89.0,317.0,,,,,,,423.0,419.0,2009.0,2008.0,1.0,2.0,8.0,0.018912529550827423,6.0,453.0,2012.0
city11,2011,450.0,342.0,,,,53.0,1162.0,36316.0,3.0,321.0,34.0,197.0,91.0,322.0,,,,,,,431.0,423.0,2010.0,2009.0,1.0,2.0,19.0,0.04408352668213457,13.5,454.0,2013.0
city11,2012,453.0,343.0,,,,54.0,1165.0,42984.0,3.0,327.0,32.0,198.0,97.0,327.0,,,,,,,450.0,431.0,2011.0,2010.0,1.0,2.0,3.0,0.006666666666666667,11.0,456.0,2014.0
city11,2013,454.0,345.0,,,,55.0,1169.0,48328.0,3.0,328.0,32.0,194.0,102.0,328.0,,,,13440.0,38670.0,22396.0,453.0,450.0,2012.0,2011.0,1.0,2.0,1.0,0.002207505518763797,2.0,457.0,2015.0
city11,2014,456.0,346.0,,,,57.0,1172.0,52944.0,3.0,332.0,31.0,193.0,108.0,332.0,,,21104.0,16160.0,42140.0,24676.0,454.0,453.0,2013.0,2012.0,1.0,2.0,2.0,0.004405286343612335,1.5,459.0,2016.0
city11,2015,457.0,348.0,,,,59.0,1176.0,60308.0,3.0,329.0,30.0,186.0,113.0,329.0,34316.0,20304.0,23032.0,17520.0,45495.0,26836.0,456.0,454.0,2014.0,2013.0,1.0,2.0,1.0,0.0021929824561403508,1.5,461.0,2017.0
city11,2016,459.0,349.0,,,,61.0,1099.0,67688.0,3.0,330.0,29.0,183.0,118.0,330.0,37136.0,22336.0,25544.0,18864.0,48925.0,28996.0,457.0,456.0,2015.0,2014.0,1.0,2.0,2.0,0.00437636761487965,1.5,466.0,2018.0
city11,2017,461.0,352.0,,,,63.0,1109.0,73836.0,3.0,332.0,28.0,181.0,124.0,333.0,40116.0,24136.0,28312.0,20240.0,53055.0,31436.0,459.0,457.0,2016.0,2015.0,1.0,2.0,2.0,0.004357298474945534,2.0,473.0,2019.0
city11,2018,466.0,356.0,,,,65.0,1125.0,82932.0,3.0,336.0,27.0,180.0,129.0,336.0,43504.0,25616.0,29872.0,21708.0,57435.0,34276.0,461.0,459.0,2017.0,2016.0,1.0,2.0,5.0,0.010845986984815618,3.5,480.0,2020.0
city11,2019,473.0,360.0,,,,66.0,1143.0,90340.0,2.0,336.0,25.0,176.0,134.0,335.0,47380.0,27736.0,32364.0,23824.0,61940.0,37412.0,466.0,461.0,2018.0,2017.0,1.0,2.0,7.0,0.015021459227467811,6.0,540.0,2021.0
city11,2020,480.0,364.0,65.0,371.0,104.0,67.0,1286.0,97764.0,2.0,,,,,,51612.0,30544.0,35432.0,24480.0,64120.0,39800.0,473.0,466.0,2019.0,2018.0,1.0,2.0,7.0,0.014799154334038054,7.0,,2022.0
city11,2021,540.0,367.0,,,,71.0,1313.0,107612.0,2.0,330.0,11.0,173.0,146.0,330.0,54664.0,31756.0,36384.0,28508.0,69835.0,43596.0,480.0,473.0,2020.0,2019.0,1.0,2.0,60.0,0.125,33.5,,
city11,2022,,,,,,72.0,1322.0,,,,,,,,60048.0,37155.0,42304.0,30568.0,72095.0,46276.0,540.0,480.0,2021.0,2020.0,1.0,2.0,,,,,
city12,2000,,,87.0,,,,,,,,,,,,,,,,,,,,,,,,,,,,2002.0
city12,2001,479.0,0.0,,,,,869.0,7816.0,,,,,,,,,,,,,,,2000.0,,1.0,,,,,,2003.0
city12,2002,,,,,,,870.0,9060.0,4.0,245.0,97.0,75.0,73.0,245.0,,,,,,,479.0,,2001.0,2000.0,1.0,2.0,,,,,2004.0
city12,2003,,,,,,,870.0,10056.0,4.0,242.0,79.0,87.0,77.0,243.0,,,,,,,,479.0,2002.0,2001.0,1.0,2.0,,,,,2005.0
city12,2004,,,,,,,868.0,11420.0,4.0,244.0,73.0,93.0,78.0,244.0,,,,,,,,,2003.0,2002.0,1.0,2.0,,,,,2006.0
city12,2005,,,,,,,866.0,13188.0,2.0,255.0,69.0,101.0,85.0,255.0,,,,,,,,,2004.0,2003.0,1.0,2.0,,,,463.0,2007.0
city12,2006,,,,,,,869.0,15088.0,3.0,256.0,65.0,105.0,86.0,256.0,,,,,,,,,2005.0,2004.0,1.0,2.0,,,,458.0,2008.0
city12,2007,463.0,504.0,,,,46.0,864.0,17308.0,3.0,266.0,66.0,109.0,90.0,265.0,,,,,,,,,2006.0,2005.0,1.0,2.0,,,,464.0,2009.0
city12,2008,458.0,501.0,,,,48.0,864.0,21264.0,3.0,281.0,67.0,117.0,97.0,281.0,,,,,,,463.0,,2007.0,2006.0,1.0,2.0,-5.0,-0.01079913606911447,,467.0,2010.0
city12,2009,464.0,501.0,,,,49.0,869.0,25732.0,3.0,284.0,67.0,118.0,99.0,284.0,,,,,,,458.0,463.0,2008.0,2007.0,1.0,2.0,6.0,0.013100436681222707,0.5,462.0,2011.0
city12,2010,467.0,504.0,56.0,310.0,96.0,51.0,872.0,29796.0,3.0,284.0,67.0,119.0,99.0,285.0,,,,,,,464.0,458.0,2009.0,2008.0,1.0,2.0,3.0,0.00646551724137931,4.5,463.0,2012.0
city12,2011,462.0,505.0,,,,56.0,876.0,34488.0,3.0,287.0,65.0,119.0,103.0,287.0,,,,,23595.0,11044.0,467.0,464.0,2010.0,2009.0,1.0,2.0,-5.0,-0.010706638115631691,-1.0,463.0,2013.0
city12,2012,463.0,507.0,,,,57.0,875.0,38324.0,2.0,284.0,73.0,119.0,92.0,284.0,,,,,26570.0,12492.0,462.0,467.0,2011.0,2010.0,1.0,2.0,1.0,0.0021645021645021645,-2.0,463.0,2014.0
city12,2013,463.0,506.0,,,,58.0,801.0,42980.0,2.0,284.0,71.0,119.0,94.0,284.0,,,,,29110.0,13980.0,463.0,462.0,2012.0,2011.0,1.0,2.0,0.0,0.0,0.5,464.0,2015.0
city12,2014,463.0,508.0,,,,59.0,879.0,46788.0,2.0,285.0,69.0,119.0,97.0,285.0,,,,,31345.0,15076.0,463.0,463.0,2013.0,2012.0,1.0,2.0,0.0,0.0,0.0,464.0,2016.0
city12,2015,464.0,509.0,,,,60.0,878.0,53396.0,2.0,281.0,63.0,118.0,100.0,281.0,,,,,34090.0,16408.0,463.0,463.0,2014.0,2013.0,1.0,2.0,1.0,0.0021598272138228943,0.5,465.0,2017.0
city12,2016,464.0,508.0,,,,62.0,2136.0,57872.0,2.0,278.0,60.0,113.0,105.0,278.0,,,,,36825.0,17860.0,464.0,463.0,2015.0,2014.0,1.0,2.0,0.0,0.0,0.5,465.0,2018.0
city12,2017,465.0,508.0,,,,63.0,,61068.0,2.0,278.0,60.0,113.0,105.0,278.0,,,,,40055.0,19492.0,464.0,464.0,2016.0,2015.0,1.0,2.0,1.0,0.0021551724137931034,0.5,464.0,2019.0
city12,2018,465.0,505.0,,,,65.0,2192.0,65508.0,2.0,276.0,56.0,112.0,108.0,276.0,,,,,43450.0,21216.0,465.0,464.0,2017.0,2016.0,1.0,2.0,0.0,0.0,0.5,452.0,2020.0
city12,2019,464.0,503.0,,,,66.0,2208.0,70848.0,2.0,275.0,54.0,113.0,108.0,275.0,,,,,47215.0,23116.0,465.0,465.0,2018.0,2017.0,1.0,2.0,-1.0,-0.002150537634408602,-0.5,452.0,2021.0
city12,2020,452.0,501.0,56.0,268.0,128.0,67.0,,79892.0,2.0,279.0,50.0,108.0,121.0,279.0,,,,,49100.0,24612.0,464.0,465.0,2019.0,2018.0,1.0,2.0,-12.0,-0.02586206896551724,-6.5,,2022.0
city12,2021,452.0,497.0,,,,68.0,,85944.0,,276.0,46.0,109.0,121.0,276.0,,,,,53815.0,27400.0,452.0,464.0,2020.0,2019.0,1.0,2.0,0.0,0.0,-6.0,,
city12,2022,,,,,,69.0,,,,,,,,,,,,,56575.0,29416.0,452.0,452.0,2021.0,2020.0,1.0,2.0,,,,,
city13,2000,,,135.0,,,,,,,,,,,,,,,,,,,,,,,,,,,,2002.0
city13,2001,506.0,0.0,,,,,597.0,6812.0,,,,,,,,,,,,,,,2000.0,,1.0,,,,,,2003.0
city13,2002,,,,,,,600.0,7940.0,,266.0,137.0,49.0,81.0,267.0,,,,,,,506.0,,2001.0,2000.0,1.0,2.0,,,,,2004.0
city13,2003,,,,,,,605.0,8700.0,,267.0,129.0,54.0,84.0,267.0,,,,,,,,506.0,2002.0,2001.0,1.0,2.0,,,,,2005.0
city13,2004,,,,,,,609.0,9284.0,,268.0,119.0,60.0,89.0,268.0,,,,,,,,,2003.0,2002.0,1.0,2.0,,,,,2006.0
city13,2005,,,,,,,613.0,10336.0,,268.0,111.0,72.0,84.0,267.0,,,,,,,,,2004.0,2003.0,1.0,2.0,,,,489.0,2007.0
city13,2006,,,,,,,619.0,12112.0,,289.0,110.0,91.0,88.0,289.0,,,,,,,,,2005.0,2004.0,1.0,2.0,,,,481.0,2008.0
city13,2007,489.0,529.0,,,,32.0,621.0,14048.0,,303.0,115.0,95.0,92.0,302.0,,,,,,,,,2006.0,2005.0,1.0,2.0,,,,475.0,2009.0
city13,2008,481.0,532.0,,,,34.0,625.0,16848.0,,310.0,103.0,112.0,95.0,310.0,,,,,,,489.0,,2007.0,2006.0,1.0,2.0,-8.0,-0.016359918200409,,473.0,2010.0
city13,2009,475.0,535.0,,,,36.0,632.0,19984.0,,318.0,101.0,121.0,96.0,318.0,,,,,,,481.0,489.0,2008.0,2007.0,1.0,2.0,-6.0,-0.012474012474012475,-7.0,472.0,2011.0
city13,2010,473.0,541.0,89.0,317.0,65.0,38.0,639.0,23808.0,,333.0,99.0,134.0,99.0,332.0,,,,,,,475.0,481.0,2009.0,2008.0,1.0,2.0,-2.0,-0.004210526315789474,-4.0,477.0,2012.0
city13,2011,472.0,546.0,,,,48.0,649.0,27612.0,,351.0,97.0,145.0,109.0,351.0,,,,,,,473.0,475.0,2010.0,2009.0,1.0,2.0,-1.0,-0.0021141649048625794,-1.5,480.0,2013.0
city13,2012,477.0,555.0,,,,50.0,655.0,31992.0,,276.0,114.0,90.0,73.0,277.0,,,,,16990.0,,472.0,473.0,2011.0,2010.0,1.0,2.0,5.0,0.01059322033898305,2.0,482.0,2014.0
city13,2013,480.0,560.0,,,,51.0,565.0,35900.0,,276.0,111.0,92.0,74.0,277.0,,,,,18845.0,,477.0,472.0,2012.0,2011.0,1.0,2.0,3.0,0.006289308176100629,4.0,484.0,2015.0
city13,2014,482.0,572.0,,,,52.0,681.0,43244.0,,279.0,105.0,97.0,77.0,279.0,,,,,20395.0,10700.0,480.0,477.0,2013.0,2012.0,1.0,2.0,2.0,0.004166666666666667,2.5,485.0,2016.0
city13,2015,484.0,581.0,,,,54.0,687.0,47392.0,,282.0,100.0,99.0,83.0,282.0,,,,,22230.0,12772.0,482.0,480.0,2014.0,2013.0,1.0,2.0,2.0,0.004149377593360996,2.0,488.0,2017.0
city13,2016,485.0,586.0,,,,56.0,2072.0,52160.0,,283.0,89.0,107.0,87.0,283.0,,,,,24085.0,13928.0,484.0,482.0,2015.0,2014.0,1.0,2.0,1.0,0.002066115702479339,1.5,491.0,2018.0
city13,2017,488.0,592.0,,,,58.0,,55844.0,,283.0,89.0,107.0,87.0,283.0,,,,,26115.0,15268.0,485.0,484.0,2016.0,2015.0,1.0,2.0,3.0,0.006185567010309278,2.0,493.0,2019.0
city13,2018,491.0,591.0,,,,59.0,2293.0,59740.0,,283.0,84.0,101.0,97.0,282.0,,,,,28280.0,16636.0,488.0,485.0,2017.0,2016.0,1.0,2.0,3.0,0.006147540983606557,3.0,497.0,2020.0
city13,2019,493.0,591.0,,,,60.0,2389.0,65088.0,,281.0,83.0,97.0,102.0,282.0,,,,,30610.0,18120.0,491.0,488.0,2018.0,2017.0,1.0,2.0,2.0,0.004073319755600814,2.5,499.0,2021.0
city13,2020,497.0,592.0,117.0,289.0,93.0,61.0,,,,283.0,74.0,93.0,116.0,283.0,,,,,32015.0,19464.0,493.0,491.0,2019.0,2018.0,1.0,2.0,4.0,0.008113590263691683,3.0,,2022.0
city13,2021,499.0,592.0,,,,62.0,,78696.0,,280.0,70.0,94.0,116.0,280.0,,,,,35055.0,21576.0,497.0,493.0,2020.0,2019.0,1.0,2.0,2.0,0.004024144869215292,3.0,,
city13,2022,,,,,,63.0,,,,,,,,,,,,,36755.0,23056.0,499.0,497.0,2021.0,2020.0,1.0,2.0,,,,,
city14,2000,,,90.0,132.0,12.0,,,,3.0,151.0,,,,,,,,,,,,,,,,,,,,239.0,2002.0
city14,2001,227.0,322.0,,,,,151.0,6176.0,3.0,147.0,,,,,,,,,,,,,2000.0,,1.0,,,,,248.0,2003.0
city14,2002,239.0,325.0,,,,,157.0,9052.0,3.0,153.0,,,,,,,,,,,227.0,,2001.0,2000.0,1.0,2.0,12.0,0.05286343612334802,,258.0,2004.0
city14,2003,248.0,332.0,,,,,163.0,10224.0,3.0,145.0,,,,,,,,,,,239.0,227.0,2002.0,2001.0,1.0,2.0,9.0,0.03765690376569038,10.5,269.0,2005.0
city14,2004,258.0,334.0,,,,,170.0,12492.0,3.0,153.0,,,,,,,,,,,248.0,239.0,2003.0,2002.0,1.0,2.0,10.0,0.04032258064516129,9.5,278.0,2006.0
city14,2005,269.0,333.0,,,,,176.0,14472.0,3.0,138.0,,,,,,,,,,,258.0,248.0,2004.0,2003.0,1.0,2.0,11.0,0.04263565891472868,10.5,281.0,2007.0
city14,2006,278.0,337.0,,,,32.0,176.0,16132.0,3.0,139.0,73.0,22.0,26.0,121.0,,,,,,,269.0,258.0,2005.0,2004.0,1.0,2.0,9.0,0.03345724907063197,10.0,275.0,2008.0
city14,2007,281.0,341.0,,,,40.0,178.0,17356.0,3.0,140.0,75.0,24.0,28.0,127.0,,,,,,,278.0,269.0,2006.0,2005.0,1.0,2.0,3.0,0.01079136690647482,6.0,285.0,2009.0
city14,2008,275.0,335.0,,,,40.0,183.0,20104.0,3.0,140.0,78.0,26.0,26.0,130.0,,,,,,,281.0,278.0,2007.0,2006.0,1.0,2.0,-6.0,-0.021352313167259787,-1.5,287.0,2010.0
city14,2009,285.0,347.0,,,,41.0,184.0,22056.0,3.0,143.0,76.0,27.0,28.0,131.0,,,,,,,275.0,281.0,2008.0,2007.0,1.0,2.0,10.0,0.03636363636363636,2.0,296.0,2011.0
city14,2010,287.0,349.0,30.0,234.0,24.0,41.0,189.0,23804.0,3.0,143.0,73.0,28.0,33.0,134.0,,,,,,,285.0,275.0,2009.0,2008.0,1.0,2.0,2.0,0.007017543859649123,6.0,298.0,2012.0
city14,2011,296.0,358.0,,,,40.0,191.0,26376.0,3.0,143.0,72.0,29.0,34.0,135.0,,,8368.0,5880.0,14735.0,6732.0,287.0,285.0,2010.0,2009.0,1.0,2.0,9.0,0.0313588850174216,5.5,301.0,2013.0
city14,2012,298.0,367.0,,,,40.0,192.0,31236.0,3.0,143.0,73.0,30.0,34.0,137.0,,,9816.0,6204.0,16520.0,7772.0,296.0,287.0,2011.0,2010.0,1.0,2.0,2.0,0.006756756756756757,5.5,304.0,2014.0
city14,2013,301.0,355.0,,,,40.0,194.0,35980.0,3.0,144.0,70.0,30.0,36.0,136.0,,,11200.0,6944.0,18435.0,8772.0,298.0,296.0,2012.0,2011.0,1.0,2.0,3.0,0.010067114093959731,2.5,293.0,2015.0
city14,2014,304.0,361.0,,,,41.0,196.0,41092.0,2.0,144.0,69.0,27.0,39.0,135.0,,,12232.0,8192.0,18245.0,9884.0,301.0,298.0,2013.0,2012.0,1.0,2.0,3.0,0.009966777408637873,3.0,291.0,2016.0
city14,2015,293.0,365.0,,,,41.0,186.0,46076.0,2.0,144.0,70.0,27.0,39.0,136.0,13280.0,9976.0,12464.0,8940.0,20015.0,10800.0,304.0,301.0,2014.0,2013.0,1.0,2.0,-11.0,-0.03618421052631579,-4.0,289.0,2017.0
city14,2016,291.0,366.0,,,,42.0,185.0,51456.0,2.0,144.0,71.0,27.0,40.0,138.0,14548.0,10764.0,13428.0,10208.0,21815.0,12044.0,293.0,304.0,2015.0,2014.0,1.0,2.0,-2.0,-0.006825938566552901,-6.5,287.0,2018.0
city14,2017,289.0,373.0,,,,42.0,184.0,56512.0,2.0,145.0,71.0,28.0,43.0,142.0,16076.0,12236.0,15120.0,11484.0,23780.0,13300.0,291.0,293.0,2016.0,2015.0,1.0,2.0,-2.0,-0.006872852233676976,-2.0,286.0,2019.0
city14,2018,287.0,373.0,,,,43.0,183.0,,2.0,145.0,70.0,25.0,44.0,139.0,17716.0,13580.0,16456.0,12436.0,25490.0,14620.0,289.0,291.0,2017.0,2016.0,1.0,2.0,-2.0,-0.006920415224913495,-2.0,285.0,2020.0
city14,2019,286.0,373.0,,,,45.0,182.0,,2.0,134.0,70.0,25.0,48.0,143.0,19396.0,14592.0,17340.0,13436.0,27125.0,16028.0,287.0,289.0,2018.0,2017.0,1.0,2.0,-1.0,-0.003484320557491289,-1.5,284.0,2021.0
city14,2020,285.0,373.0,66.0,174.0,30.0,46.0,181.0,,3.0,125.0,34.0,29.0,72.0,135.0,21052.0,15604.0,18228.0,13988.0,28015.0,17312.0,286.0,287.0,2019.0,2018.0,1.0,2.0,-1.0,-0.0034965034965034965,-1.0,,2022.0
city14,2021,284.0,372.0,,,,49.0,181.0,,3.0,126.0,33.0,29.0,73.0,135.0,22288.0,16000.0,18320.0,16020.0,30445.0,19144.0,285.0,286.0,2020.0,2019.0,1.0,2.0,-1.0,-0.0035087719298245615,-1.0,,
city14,2022,,,,,,50.0,,,,,,,,,24624.0,18025.0,20164.0,,,,284.0,285.0,2021.0,2020.0,1.0,2.0,,,,,
city15,2000,,,225.0,,,,795.0,,,,,,,,,,,,,,,,,,,,,,,,2002.0
city15,2001,,,,,,,800.0,9340.0,,,,,,,,,,,,,,,2000.0,,1.0,,,,,,2003.0
city15,2002,,,,,,,800.0,10500.0,,,,,,,,,,,,,,,2001.0,2000.0,1.0,2.0,,,,,2004.0
city15,2003,,,,,,,805.0,11890.0,,392.0,216.0,95.0,81.0,392.0,,,,,,,,,2002.0,2001.0,1.0,2.0,,,,,2005.0
city15,2004,,,,,,,810.0,13550.0,,382.0,196.0,103.0,82.0,381.0,,,,,,,,,2003.0,2002.0,1.0,2.0,,,,,2006.0
city15,2005,,,,,,,820.0,15810.0,,396.0,190.0,111.0,94.0,395.0,,,,,,,,,2004.0,2003.0,1.0,2.0,,,,875.0,2007.0
city15,2006,,,,,,,830.0,18850.0,,452.0,183.0,128.0,142.0,453.0,,,,,,,,,2005.0,2004.0,1.0,2.0,,,,870.0,2008.0
city15,2007,875.0,935.0,,,,45.0,835.0,21900.0,,469.0,177.0,145.0,147.0,469.0,,,,,,,,,2006.0,2005.0,1.0,2.0,,,,870.0,2009.0
city15,2008,870.0,940.0,,,,46.0,840.0,23710.0,,477.0,170.0,152.0,155.0,477.0,,,,,,,875.0,,2007.0,2006.0,1.0,2.0,-5.0,-0.005714285714285714,,865.0,2010.0
city15,2009,870.0,945.0,,,,47.0,850.0,26820.0,,486.0,163.0,169.0,154.0,486.0,,,,,,,870.0,875.0,2008.0,2007.0,1.0,2.0,0.0,0.0,-2.5,855.0,2011.0
city15,2010,865.0,955.0,150.0,575.0,125.0,49.0,860.0,31180.0,,501.0,162.0,180.0,159.0,501.0,,,,,,,870.0,870.0,2009.0,2008.0,1.0,2.0,-5.0,-0.005747126436781609,-2.5,855.0,2012.0
city15,2011,855.0,970.0,,,,54.0,865.0,34240.0,,521.0,162.0,187.0,171.0,520.0,,,,,,,865.0,870.0,2010.0,2009.0,1.0,2.0,-10.0,-0.011560693641618497,-7.5,855.0,2013.0
city15,2012,855.0,975.0,,,,55.0,875.0,39490.0,,529.0,153.0,205.0,171.0,529.0,,,,,,,855.0,865.0,2011.0,2010.0,1.0,2.0,0.0,0.0,-5.0,860.0,2014.0
city15,2013,855.0,990.0,,,,57.0,760.0,44070.0,,479.0,180.0,140.0,158.0,478.0,,,,,,,855.0,855.0,2012.0,2011.0,1.0,2.0,0.0,0.0,0.0,860.0,2015.0
city15,2014,860.0,1005.0,,,,58.0,865.0,47010.0,2.1,479.0,172.0,146.0,161.0,479.0,,,,,,,855.0,855.0,2013.0,2012.0,1.0,2.0,5.0,0.005847953216374269,2.5,865.0,2016.0
city15,2015,860.0,1025.0,,,,60.0,870.0,49780.0,1.9,481.0,163.0,151.0,168.0,482.0,,,,,,,860.0,855.0,2014.0,2013.0,1.0,2.0,0.0,0.0,2.5,870.0,2017.0
city15,2016,865.0,1030.0,,,,61.0,3020.0,54310.0,1.9,482.0,153.0,156.0,174.0,483.0,,,,,,,860.0,860.0,2015.0,2014.0,1.0,2.0,5.0,0.005813953488372093,2.5,875.0,2018.0
city15,2017,870.0,1040.0,,,,62.0,,57230.0,1.9,483.0,144.0,160.0,179.0,483.0,,,,,,,865.0,860.0,2016.0,2015.0,1.0,2.0,5.0,0.005780346820809248,5.0,880.0,2019.0
city15,2018,875.0,1040.0,,,,64.0,3415.0,63920.0,1.8,483.0,144.0,160.0,179.0,483.0,,,,,,,870.0,865.0,2017.0,2016.0,1.0,2.0,5.0,0.005747126436781609,5.0,905.0,2020.0
city15,2019,880.0,1045.0,,,,65.0,3430.0,71460.0,1.8,483.0,120.0,170.0,193.0,483.0,,,,,,,875.0,870.0,2018.0,2017.0,1.0,2.0,5.0,0.005714285714285714,5.0,905.0,2021.0
city15,2020,905.0,1040.0,200.0,525.0,175.0,64.0,,78570.0,1.8,483.0,107.0,173.0,204.0,484.0,,,,,,,880.0,875.0,2019.0,2018.0,1.0,2.0,25.0,0.028409090909090908,15.0,,2022.0
city15,2021,905.0,1035.0,,,,66.0,,,1.8,482.0,95.0,167.0,221.0,483.0,,,,,,,905.0,880.0,2020.0,2019.0,1.0,2.0,0.0,0.0,12.5,,
city15,2022,,,,,,66.0,,,2.1,,,,,,,,,,,,905.0,905.0,2021.0,2020.0,1.0,2.0,,,,,
city16,2000,,,160.0,745.0,60.0,,145.0,,,,,,,,,,,,,,,,,,,,,,,275.0,2002.0
city16,2001,275.0,310.0,,,,,150.0,8200.0,2.9,142.0,,,,,,,,,,,,,2000.0,,1.0,,,,,280.0,2003.0
city16,2002,275.0,310.0,,,,,150.0,10350.0,2.9,143.0,,,,,,,,,,,275.0,,2001.0,2000.0,1.0,2.0,0.0,0.0,,285.0,2004.0
city16,2003,280.0,315.0,,,,,155.0,12150.0,3.4,143.0,,,,,,,,,,,275.0,275.0,2002.0,2001.0,1.0,2.0,5.0,0.01818181818181818,2.5,285.0,2005.0
city16,2004,285.0,315.0,,,,,155.0,13980.0,3.4,286.0,,,,,,,,,,,280.0,275.0,2003.0,2002.0,1.0,2.0,5.0,0.017857142857142856,5.0,290.0,2006.0
city16,2005,285.0,315.0,,,,,155.0,16390.0,3.3,294.0,,,,,,,,,,,285.0,280.0,2004.0,2003.0,1.0,2.0,0.0,0.0,2.5,290.0,2007.0
city16,2006,290.0,320.0,,,,50.0,155.0,18210.0,3.3,349.0,,,,,,,,,,,285.0,285.0,2005.0,2004.0,1.0,2.0,5.0,0.017543859649122806,2.5,285.0,2008.0
city16,2007,290.0,320.0,,,,46.0,160.0,20040.0,3.4,351.0,72.0,25.0,42.0,139.0,,,,,,,290.0,285.0,2006.0,2005.0,1.0,2.0,0.0,0.0,2.5,285.0,2009.0
city16,2008,285.0,320.0,,,,46.0,155.0,23050.0,3.2,359.0,71.0,26.0,43.0,140.0,,,,,,,290.0,290.0,2007.0,2006.0,1.0,2.0,-5.0,-0.017241379310344827,-2.5,285.0,2010.0
city16,2009,285.0,320.0,,,,47.0,155.0,25970.0,3.2,362.0,64.0,29.0,47.0,140.0,,,,,,,285.0,290.0,2008.0,2007.0,1.0,2.0,0.0,0.0,-2.5,280.0,2011.0
city16,2010,285.0,325.0,20.0,230.0,25.0,47.0,150.0,28270.0,3.2,381.0,62.0,31.0,50.0,143.0,,,,,,,285.0,285.0,2009.0,2008.0,1.0,2.0,0.0,0.0,0.0,280.0,2012.0
city16,2011,280.0,325.0,,,,53.0,155.0,31870.0,3.0,443.0,61.0,30.0,51.0,142.0,,,12908.0,4928.0,18020.0,6316.0,285.0,285.0,2010.0,2009.0,1.0,2.0,-5.0,-0.017543859649122806,-2.5,280.0,2013.0
city16,2012,280.0,330.0,,,,53.0,155.0,35830.0,2.9,445.0,60.0,31.0,51.0,142.0,,,14392.0,6192.0,20325.0,7460.0,280.0,285.0,2011.0,2010.0,1.0,2.0,0.0,0.0,-2.5,280.0,2014.0
city16,2013,280.0,325.0,,,,53.0,155.0,40130.0,2.8,437.0,59.0,31.0,53.0,143.0,,,16288.0,6628.0,23180.0,8576.0,280.0,280.0,2012.0,2011.0,1.0,2.0,0.0,0.0,0.0,280.0,2015.0
city16,2014,280.0,325.0,,,,54.0,155.0,44900.0,2.4,437.0,59.0,32.0,52.0,143.0,,,17640.0,7324.0,25590.0,9580.0,280.0,280.0,2013.0,2012.0,1.0,2.0,0.0,0.0,0.0,280.0,2016.0
city16,2015,280.0,330.0,,,,54.0,150.0,49060.0,2.4,438.0,59.0,33.0,53.0,145.0,16620.0,12220.0,15220.0,8824.0,21580.0,10532.0,280.0,280.0,2014.0,2013.0,1.0,2.0,0.0,0.0,0.0,285.0,2017.0
city16,2016,280.0,330.0,,,,54.0,150.0,54920.0,2.5,438.0,59.0,32.0,53.0,144.0,18140.0,13380.0,16588.0,9652.0,23500.0,11604.0,280.0,280.0,2015.0,2014.0,1.0,2.0,0.0,0.0,0.0,285.0,2018.0
city16,2017,285.0,335.0,,,,54.0,150.0,61470.0,2.5,439.0,59.0,32.0,54.0,145.0,19972.0,14800.0,18140.0,10824.0,25850.0,12788.0,280.0,280.0,2016.0,2015.0,1.0,2.0,5.0,0.017857142857142856,2.5,285.0,2019.0
city16,2018,285.0,335.0,,,,54.0,155.0,,2.4,436.0,59.0,32.0,54.0,145.0,21864.0,16052.0,19628.0,11808.0,28305.0,14104.0,285.0,280.0,2017.0,2016.0,1.0,2.0,0.0,0.0,2.5,285.0,2020.0
city16,2019,285.0,335.0,,,,55.0,155.0,,2.3,441.0,59.0,25.0,50.0,134.0,23672.0,17204.0,20804.0,12712.0,30285.0,15432.0,285.0,285.0,2018.0,2017.0,1.0,2.0,0.0,0.0,0.0,285.0,2021.0
city16,2020,285.0,335.0,60.0,185.0,35.0,56.0,155.0,,2.1,589.0,59.0,25.0,50.0,134.0,25804.0,18724.0,22468.0,13860.0,32630.0,16940.0,285.0,285.0,2019.0,2018.0,1.0,2.0,0.0,0.0,0.0,,2022.0
city16,2021,285.0,335.0,,,,57.0,155.0,,2.5,598.0,33.0,25.0,66.0,124.0,27544.0,18800.0,22160.0,14268.0,34415.0,18288.0,285.0,285.0,2020.0,2019.0,1.0,2.0,0.0,0.0,0.0,,
city16,2022,,,,,,58.0,,,2.5,,,,,,30204.0,21330.0,25072.0,16304.0,37620.0,20252.0,285.0,285.0,2021.0,2020.0,1.0,2.0,,,,,
city17,2000,,,205.0,571.0,52.0,,1335.0,,,,,,,,,,,,,,,,,,,,,,,995.0,2002.0
city17,2001,990.0,700.0,,,,,1340.0,19090.0,3.2,504.0,,,,,,,,,,,,,2000.0,,1.0,,,,,980.0,2003.0
city17,2002,995.0,710.0,,,,,1320.0,22770.0,3.8,510.0,,,,,,,,,,,990.0,,2001.0,2000.0,1.0,2.0,5.0,0.005050505050505051,,970.0,2004.0
city17,2003,980.0,720.0,,,,,1305.0,26220.0,3.6,514.0,,,,,,,,,,,995.0,990.0,2002.0,2001.0,1.0,2.0,-15.0,-0.01507537688442211,-5.0,965.0,2005.0
city17,2004,970.0,720.0,,,,,1295.0,28810.0,2.7,521.0,,,,,,,,,,,980.0,995.0,2003.0,2002.0,1.0,2.0,-10.0,-0.01020408163265306,-12.5,945.0,2006.0
city17,2005,965.0,735.0,,,,,1275.0,31590.0,2.4,541.0,,,,,,,,,,,970.0,980.0,2004.0,2003.0,1.0,2.0,-5.0,-0.005154639175257732,-7.5,995.0,2007.0
city17,2006,945.0,750.0,,,,82.0,1310.0,34330.0,2.1,574.0,,,,,,,,,,,965.0,970.0,2005.0,2004.0,1.0,2.0,-20.0,-0.02072538860103627,-12.5,1050.0,2008.0
city17,2007,995.0,760.0,,,,82.0,1350.0,36770.0,2.1,609.0,84.0,237.0,287.0,608.0,,,,,,,945.0,965.0,2006.0,2005.0,1.0,2.0,50.0,0.05291005291005291,15.0,1110.0,2009.0
city17,2008,1050.0,770.0,,,,82.0,1530.0,40560.0,2.2,664.0,82.0,264.0,318.0,664.0,,,,,,,995.0,945.0,2007.0,2006.0,1.0,2.0,55.0,0.05527638190954774,52.5,1185.0,2010.0
city17,2009,1110.0,780.0,,,,82.0,1625.0,45700.0,2.3,715.0,80.0,287.0,347.0,714.0,,,,,,,1050.0,995.0,2008.0,2007.0,1.0,2.0,60.0,0.05714285714285714,57.5,1270.0,2011.0
city17,2010,1185.0,790.0,60.0,1125.0,85.0,83.0,1740.0,49520.0,2.3,739.0,80.0,297.0,362.0,739.0,,,,,,,1110.0,1050.0,2009.0,2008.0,1.0,2.0,75.0,0.06756756756756757,67.5,1345.0,2012.0
city17,2011,1270.0,805.0,,,,84.0,1750.0,54490.0,2.3,711.0,59.0,274.0,378.0,711.0,,,25008.0,8984.0,30655.0,12672.0,1185.0,1110.0,2010.0,2009.0,1.0,2.0,85.0,0.07172995780590717,80.0,1415.0,2013.0
city17,2012,1345.0,810.0,,,,84.0,1770.0,57470.0,2.4,743.0,63.0,283.0,397.0,743.0,,,28204.0,9900.0,34435.0,14816.0,1270.0,1185.0,2011.0,2010.0,1.0,2.0,75.0,0.05905511811023622,80.0,1470.0,2014.0
city17,2013,1415.0,820.0,,,,85.0,1780.0,67510.0,2.4,751.0,65.0,283.0,404.0,752.0,,,30488.0,10960.0,38050.0,16788.0,1345.0,1270.0,2012.0,2011.0,1.0,2.0,70.0,0.05204460966542751,72.5,1525.0,2015.0
city17,2014,1470.0,830.0,,,,85.0,1800.0,73750.0,2.2,760.0,65.0,263.0,433.0,761.0,,,33152.0,11684.0,42045.0,18884.0,1415.0,1345.0,2013.0,2012.0,1.0,2.0,55.0,0.038869257950530034,62.5,1590.0,2016.0
city17,2015,1525.0,840.0,,,,85.0,2200.0,74250.0,2.3,785.0,60.0,284.0,441.0,785.0,39224.0,30572.0,33380.0,12864.0,42950.0,17660.0,1470.0,1415.0,2014.0,2013.0,1.0,2.0,55.0,0.03741496598639456,55.0,1675.0,2017.0
city17,2016,1590.0,850.0,,,,84.0,2315.0,81170.0,2.2,811.0,63.0,287.0,461.0,811.0,42712.0,32884.0,35748.0,14084.0,46730.0,19320.0,1525.0,1470.0,2015.0,2014.0,1.0,2.0,65.0,0.04262295081967213,60.0,1745.0,2018.0
city17,2017,1675.0,865.0,,,,84.0,2405.0,89100.0,2.4,835.0,62.0,288.0,485.0,835.0,46664.0,35384.0,38392.0,17592.0,50940.0,21448.0,1590.0,1525.0,2016.0,2015.0,1.0,2.0,85.0,0.05345911949685535,75.0,1795.0,2019.0
city17,2018,1745.0,895.0,,,,84.0,2480.0,,2.4,862.0,62.0,287.0,514.0,863.0,50780.0,37492.0,40632.0,18928.0,55400.0,23480.0,1675.0,1590.0,2017.0,2016.0,1.0,2.0,70.0,0.041791044776119404,77.5,1830.0,2020.0
city17,2019,1795.0,925.0,,,,85.0,2530.0,,1.9,897.0,60.0,275.0,767.0,1102.0,55272.0,39464.0,42180.0,20628.0,59980.0,26020.0,1745.0,1675.0,2018.0,2017.0,1.0,2.0,50.0,0.02865329512893983,60.0,1870.0,2021.0
city17,2020,1830.0,950.0,255.0,1460.0,145.0,85.0,2585.0,,2.2,1126.0,62.0,267.0,797.0,1126.0,60068.0,42304.0,45044.0,22520.0,65050.0,28864.0,1795.0,1745.0,2019.0,2018.0,1.0,2.0,35.0,0.019498607242339833,42.5,,2022.0
city17,2021,1870.0,980.0,,,,86.0,2595.0,,2.5,1158.0,59.0,260.0,839.0,1158.0,63284.0,41400.0,44280.0,22988.0,68300.0,31264.0,1830.0,1795.0,2020.0,2019.0,1.0,2.0,40.0,0.02185792349726776,37.5,,
city17,2022,,,,,,86.0,,,2.2,,,,,,68904.0,44245.0,47160.0,26092.0,74415.0,34532.0,1870.0,1830.0,2021.0,2020.0,1.0,2.0,,,,,
city18,2000,,,60.0,350.0,,,780.0,,,,,,,,,,,,,,,,,,,,,,,,2002.0
city18,2001,,,,,,,780.0,11540.0,3.0,,,,,,,,,,,,,,2000.0,,1.0,,,,,,2003.0
city18,2002,,,,,,,785.0,13110.0,3.2,,,,,,,,,,,,,,2001.0,2000.0,1.0,2.0,,,,,2004.0
city18,2003,,,,,,,790.0,14910.0,3.4,192.0,46.0,88.0,57.0,191.0,,,,,,,,,2002.0,2001.0,1.0,2.0,,,,,2005.0
city18,2004,,,,,,,795.0,17260.0,3.5,200.0,39.0,99.0,62.0,200.0,,,,,,,,,2003.0,2002.0,1.0,2.0,,,,,2006.0
city18,2005,,,,,,,800.0,19980.0,3.6,217.0,35.0,115.0,68.0,218.0,,,,,,,,,2004.0,2003.0,1.0,2.0,,,,425.0,2007.0
city18,2006,,,,,,,810.0,22990.0,3.6,241.0,33.0,129.0,80.0,242.0,,,,,,,,,2005.0,2004.0,1.0,2.0,,,,435.0,2008.0
city18,2007,425.0,355.0,,,,61.0,815.0,26560.0,3.4,256.0,31.0,140.0,85.0,256.0,,,,,,,,,2006.0,2005.0,1.0,2.0,,,,440.0,2009.0
city18,2008,435.0,355.0,,,,61.0,815.0,30410.0,3.2,271.0,30.0,151.0,90.0,271.0,,,,,,,425.0,,2007.0,2006.0,1.0,2.0,10.0,0.023529411764705882,,445.0,2010.0
city18,2009,440.0,360.0,,,,61.0,820.0,34840.0,3.2,291.0,30.0,163.0,98.0,291.0,,,,,,,435.0,425.0,2008.0,2007.0,1.0,2.0,5.0,0.011494252873563218,7.5,460.0,2011.0
city18,2010,445.0,360.0,50.0,335.0,65.0,61.0,825.0,39220.0,,304.0,29.0,170.0,104.0,303.0,,,,,,,440.0,435.0,2009.0,2008.0,1.0,2.0,5.0,0.011363636363636364,5.0,465.0,2012.0
city18,2011,460.0,360.0,,,,64.0,825.0,44210.0,,323.0,28.0,180.0,116.0,324.0,,,,,26265.0,12636.0,445.0,440.0,2010.0,2009.0,1.0,2.0,15.0,0.033707865168539325,10.0,470.0,2013.0
city18,2012,465.0,360.0,,,,65.0,830.0,49750.0,2.6,278.0,22.0,153.0,102.0,277.0,,,,,29825.0,14836.0,460.0,445.0,2011.0,2010.0,1.0,2.0,5.0,0.010869565217391304,10.0,470.0,2014.0
city18,2013,470.0,365.0,,,,66.0,1070.0,55760.0,2.4,281.0,32.0,148.0,101.0,281.0,,,,,33585.0,,465.0,460.0,2012.0,2011.0,1.0,2.0,5.0,0.010752688172043012,5.0,470.0,2015.0
city18,2014,470.0,365.0,,,,68.0,840.0,67400.0,,281.0,32.0,147.0,102.0,281.0,,,,,,,470.0,465.0,2013.0,2012.0,1.0,2.0,0.0,0.0,2.5,470.0,2016.0
city18,2015,470.0,370.0,,,,69.0,845.0,70850.0,1.9,281.0,31.0,146.0,104.0,281.0,,20604.0,,,39480.0,20132.0,470.0,470.0,2014.0,2013.0,1.0,2.0,0.0,0.0,0.0,470.0,2017.0
city18,2016,470.0,370.0,,,,70.0,2425.0,73030.0,,281.0,31.0,144.0,107.0,282.0,,22228.0,,,42710.0,21912.0,470.0,470.0,2015.0,2014.0,1.0,2.0,0.0,0.0,0.0,470.0,2018.0
city18,2017,470.0,375.0,,,,71.0,,81060.0,1.9,281.0,30.0,142.0,109.0,281.0,,23980.0,,,46055.0,23776.0,470.0,470.0,2016.0,2015.0,1.0,2.0,0.0,0.0,0.0,470.0,2019.0
city18,2018,470.0,380.0,,,,72.0,3025.0,84740.0,1.8,281.0,30.0,142.0,109.0,281.0,,25492.0,,,49955.0,25832.0,470.0,470.0,2017.0,2016.0,1.0,2.0,0.0,0.0,0.0,525.0,2020.0
city18,2019,470.0,380.0,,,,73.0,2945.0,91270.0,1.8,282.0,29.0,137.0,115.0,281.0,,26860.0,,,53995.0,28012.0,470.0,470.0,2018.0,2017.0,1.0,2.0,0.0,0.0,0.0,525.0,2021.0
city18,2020,525.0,385.0,65.0,,105.0,76.0,,104540.0,1.8,283.0,29.0,137.0,116.0,282.0,,28768.0,,,58340.0,30488.0,470.0,470.0,2019.0,2018.0,1.0,2.0,55.0,0.11702127659574468,27.5,,2022.0
city18,2021,525.0,385.0,,,,77.0,,113270.0,1.8,300.0,27.0,133.0,141.0,301.0,,28288.0,,,60525.0,32364.0,525.0,470.0,2020.0,2019.0,1.0,2.0,0.0,0.0,27.5,,
city18,2022,,,,,,78.0,,,1.6,,,,,,,34070.0,,,65820.0,35820.0,525.0,525.0,2021.0,2020.0,1.0,2.0,,,,,
city19,2000,,,80.0,315.0,55.0,,,,,,,,,,,,,,,,,,,,,,,,,,2002.0
city19,2001,,,,,,,,12390.0,3.4,,,,,,,,,,,,,,2000.0,,1.0,,,,,,2003.0
city19,2002,,,,,,,,15700.0,3.3,,,,,,,,,,,,,,2001.0,2000.0,1.0,2.0,,,,,2004.0
city19,2003,,,,,,,,17540.0,3.0,,,,,,,,,,,,,,2002.0,2001.0,1.0,2.0,,,,,2005.0
city19,2004,,,,,,,,20550.0,3.2,305.0,102.0,123.0,80.0,305.0,,,,,,,,,2003.0,2002.0,1.0,2.0,,,,485.0,2006.0
city19,2005,,,,,,,445.0,23260.0,3.2,316.0,98.0,128.0,89.0,315.0,,,,,,,,,2004.0,2003.0,1.0,2.0,,,,500.0,2007.0
city19,2006,485.0,455.0,,,,,455.0,24020.0,3.2,312.0,93.0,128.0,91.0,312.0,,,,,,,,,2005.0,2004.0,1.0,2.0,,,,510.0,2008.0
city19,2007,500.0,455.0,,,,57.0,465.0,25040.0,3.0,318.0,83.0,138.0,96.0,317.0,,,,,,,485.0,,2006.0,2005.0,1.0,2.0,15.0,0.030927835051546393,,515.0,2009.0
city19,2008,510.0,460.0,,,,58.0,470.0,28850.0,2.9,326.0,77.0,146.0,103.0,326.0,,,,,,,500.0,485.0,2007.0,2006.0,1.0,2.0,10.0,0.02,12.5,520.0,2010.0
city19,2009,515.0,460.0,,,,58.0,475.0,31580.0,3.0,327.0,76.0,146.0,105.0,327.0,,,,,,,510.0,500.0,2008.0,2007.0,1.0,2.0,5.0,0.00980392156862745,7.5,535.0,2011.0
city19,2010,520.0,465.0,75.0,385.0,70.0,58.0,490.0,34770.0,3.0,330.0,75.0,149.0,106.0,330.0,,,,,,,515.0,510.0,2009.0,2008.0,1.0,2.0,5.0,0.009708737864077669,5.0,540.0,2012.0
city19,2011,535.0,465.0,,,,59.0,490.0,39470.0,3.0,346.0,72.0,167.0,107.0,346.0,,,,,,,520.0,515.0,2010.0,2009.0,1.0,2.0,15.0,0.028846153846153848,10.0,540.0,2013.0
city19,2012,540.0,470.0,,,,60.0,495.0,42860.0,2.8,343.0,71.0,160.0,112.0,343.0,,,,,,,535.0,520.0,2011.0,2010.0,1.0,2.0,5.0,0.009345794392523364,10.0,540.0,2014.0
city19,2013,540.0,470.0,,,,61.0,495.0,47200.0,2.8,343.0,68.0,162.0,113.0,343.0,,,,,,,540.0,535.0,2012.0,2011.0,1.0,2.0,0.0,0.0,2.5,545.0,2015.0
city19,2014,540.0,470.0,,,,62.0,495.0,51720.0,2.7,345.0,68.0,163.0,114.0,345.0,,,23504.0,11804.0,36385.0,16660.0,540.0,540.0,2013.0,2012.0,1.0,2.0,0.0,0.0,0.0,545.0,2016.0
city19,2015,545.0,475.0,,,,63.0,500.0,55810.0,2.8,346.0,68.0,164.0,114.0,346.0,31592.0,20948.0,25624.0,13520.0,39805.0,18544.0,540.0,540.0,2014.0,2013.0,1.0,2.0,5.0,0.009259259259259259,2.5,550.0,2017.0
city19,2016,545.0,475.0,,,,65.0,505.0,66780.0,2.8,346.0,68.0,163.0,115.0,346.0,34372.0,22668.0,27700.0,14628.0,43190.0,20296.0,545.0,540.0,2015.0,2014.0,1.0,2.0,0.0,0.0,2.5,555.0,2018.0
city19,2017,550.0,480.0,,,,66.0,510.0,72960.0,2.8,347.0,68.0,163.0,116.0,347.0,37152.0,24960.0,30308.0,16264.0,46550.0,21896.0,545.0,545.0,2016.0,2015.0,1.0,2.0,5.0,0.009174311926605505,2.5,560.0,2019.0
city19,2018,555.0,485.0,,,,67.0,510.0,82200.0,2.5,349.0,68.0,162.0,119.0,349.0,40624.0,26660.0,32364.0,17144.0,50650.0,23920.0,550.0,545.0,2017.0,2016.0,1.0,2.0,5.0,0.00909090909090909,5.0,560.0,2020.0
city19,2019,560.0,490.0,,,,68.0,515.0,,2.1,354.0,69.0,164.0,121.0,354.0,44324.0,28624.0,34500.0,18548.0,54880.0,26216.0,555.0,550.0,2018.0,2017.0,1.0,2.0,5.0,0.009009009009009009,5.0,705.0,2021.0
city19,2020,560.0,490.0,100.0,490.0,110.0,69.0,645.0,90640.0,1.8,355.0,69.0,162.0,124.0,355.0,48152.0,30908.0,37164.0,19928.0,59345.0,28508.0,560.0,555.0,2019.0,2018.0,1.0,2.0,0.0,0.0,2.5,,2022.0
city19,2021,705.0,495.0,,,,68.0,650.0,96590.0,1.6,,,,,,50580.0,30944.0,36824.0,20108.0,61545.0,30364.0,560.0,560.0,2020.0,2019.0,1.0,2.0,145.0,0.25892857142857145,72.5,,
city19,2022,,,,,,69.0,650.0,,1.6,,,,,,55878.0,36465.0,43028.0,23812.0,67370.0,33708.0,705.0,560.0,2021.0,2020.0,1.0,2.0,,,,,
city2,2000,,,84.0,,,,,,3.0,,,,,,,,,,,,,,,,,,,,,,2002.0
city2,2001,509.0,0.0,,,,,937.0,11984.0,4.0,,,,,,,,,,,,,,2000.0,,1.0,,,,,,2003.0
city2,2002,,,,,,,916.0,13780.0,4.0,223.0,45.0,111.0,67.0,223.0,,,,,,,509.0,,2001.0,2000.0,1.0,2.0,,,,,2004.0
city2,2003,,,,,,,924.0,15796.0,4.0,260.0,39.0,140.0,81.0,260.0,,,,,,,,509.0,2002.0,2001.0,1.0,2.0,,,,,2005.0
city2,2004,,,,,,,934.0,18928.0,3.0,275.0,35.0,150.0,89.0,274.0,,,,,,,,,2003.0,2002.0,1.0,2.0,,,,,2006.0
city2,2005,,,,,,,946.0,22124.0,3.0,289.0,34.0,159.0,96.0,289.0,,,,,,,,,2004.0,2003.0,1.0,2.0,,,,584.0,2007.0
city2,2006,,,,,,,956.0,25600.0,3.0,308.0,30.0,172.0,106.0,308.0,,,,,,,,,2005.0,2004.0,1.0,2.0,,,,599.0,2008.0
city2,2007,584.0,458.0,,,,67.0,964.0,29656.0,3.0,325.0,28.0,183.0,114.0,325.0,,,,,,,,,2006.0,2005.0,1.0,2.0,,,,611.0,2009.0
city2,2008,599.0,462.0,,,,67.0,970.0,34372.0,3.0,350.0,26.0,199.0,125.0,350.0,,,,,,,584.0,,2007.0,2006.0,1.0,2.0,15.0,0.025684931506849314,,620.0,2010.0
city2,2009,611.0,464.0,,,,68.0,973.0,38844.0,3.0,364.0,24.0,200.0,140.0,364.0,,,,,,,599.0,584.0,2008.0,2007.0,1.0,2.0,12.0,0.02003338898163606,13.5,638.0,2011.0
city2,2010,620.0,466.0,66.0,478.0,94.0,68.0,1008.0,43344.0,3.0,382.0,23.0,210.0,149.0,382.0,,,,,,,611.0,599.0,2009.0,2008.0,1.0,2.0,9.0,0.014729950900163666,10.5,643.0,2012.0
city2,2011,638.0,467.0,,,,71.0,1011.0,47004.0,3.0,386.0,20.0,212.0,154.0,386.0,,,,,,,620.0,611.0,2010.0,2009.0,1.0,2.0,18.0,0.02903225806451613,13.5,647.0,2013.0
city2,2012,643.0,468.0,,,,72.0,1016.0,51516.0,2.0,389.0,18.0,224.0,147.0,389.0,,,,,35660.0,18508.0,638.0,620.0,2011.0,2010.0,1.0,2.0,5.0,0.007836990595611285,11.5,648.0,2014.0
city2,2013,647.0,470.0,,,,73.0,1401.0,56884.0,2.0,389.0,18.0,223.0,149.0,390.0,,,,,38995.0,20584.0,643.0,638.0,2012.0,2011.0,1.0,2.0,4.0,0.006220839813374806,4.5,650.0,2015.0
city2,2014,648.0,472.0,,,,74.0,1031.0,60580.0,2.0,390.0,18.0,221.0,151.0,390.0,,,,,41730.0,22264.0,647.0,643.0,2013.0,2012.0,1.0,2.0,1.0,0.0015455950540958269,2.5,651.0,2016.0
city2,2015,650.0,477.0,,,,75.0,1040.0,68024.0,2.0,390.0,18.0,219.0,153.0,390.0,,,,,45125.0,24152.0,648.0,647.0,2014.0,2013.0,1.0,2.0,2.0,0.0030864197530864196,1.5,653.0,2017.0
city2,2016,651.0,481.0,,,,75.0,1990.0,76016.0,2.0,387.0,17.0,215.0,155.0,387.0,,,,,48625.0,26156.0,650.0,648.0,2015.0,2014.0,1.0,2.0,1.0,0.0015384615384615385,1.5,655.0,2018.0
city2,2017,653.0,486.0,,,,76.0,,84928.0,2.0,387.0,17.0,215.0,155.0,387.0,,,,,52655.0,28356.0,651.0,650.0,2016.0,2015.0,1.0,2.0,2.0,0.0030721966205837174,1.5,657.0,2019.0
city2,2018,655.0,493.0,,,,76.0,2052.0,89548.0,2.0,388.0,16.0,214.0,159.0,389.0,,,,,56985.0,30784.0,653.0,651.0,2017.0,2016.0,1.0,2.0,2.0,0.0030627871362940277,2.0,745.0,2020.0
city2,2019,657.0,497.0,,,,76.0,2089.0,90284.0,2.0,387.0,15.0,213.0,159.0,387.0,,,,,61915.0,33572.0,655.0,653.0,2018.0,2017.0,1.0,2.0,2.0,0.0030534351145038168,2.0,746.0,2021.0
city2,2020,745.0,503.0,97.0,502.0,147.0,82.0,,105756.0,2.0,419.0,14.0,206.0,199.0,419.0,,,,,64710.0,35748.0,657.0,655.0,2019.0,2018.0,1.0,2.0,88.0,0.1339421613394216,45.0,,2022.0
city2,2021,746.0,509.0,,,,83.0,,115748.0,3.0,419.0,13.0,207.0,199.0,419.0,,,,,70480.0,39620.0,745.0,657.0,2020.0,2019.0,1.0,2.0,1.0,0.0013422818791946308,44.5,,
city2,2022,,,,,,83.0,,,3.0,,,,,,,,,,73330.0,41932.0,746.0,745.0,2021.0,2020.0,1.0,2.0,,,,,
city20,2000,,,40.0,140.0,25.0,,,,,,,,,,,,,,,,,,,,,,,,,,2002.0
city20,2001,,,,,,,,10690.0,,,,,,,,,,,,,,,2000.0,,1.0,,,,,,2003.0
city20,2002,,,,,,,,14090.0,,,,,,,,,,,,,,,2001.0,2000.0,1.0,2.0,,,,,2004.0
city20,2003,,,,,,,,16030.0,,,,,,,,,,,,,,,2002.0,2001.0,1.0,2.0,,,,,2005.0
city20,2004,,,,,,,,18570.0,4.2,120.0,62.0,30.0,28.0,120.0,,,,,,,,,2003.0,2002.0,1.0,2.0,,,,220.0,2006.0
city20,2005,,,,,,,245.0,22500.0,4.2,124.0,61.0,33.0,30.0,124.0,,,,,,,,,2004.0,2003.0,1.0,2.0,,,,220.0,2007.0
city20,2006,220.0,245.0,,,,,250.0,26460.0,4.1,125.0,60.0,34.0,31.0,125.0,,,,,,,,,2005.0,2004.0,1.0,2.0,,,,220.0,2008.0
city20,2007,220.0,245.0,,,,39.0,250.0,28660.0,4.0,128.0,58.0,38.0,33.0,129.0,,,,,,,220.0,,2006.0,2005.0,1.0,2.0,0.0,0.0,,220.0,2009.0
city20,2008,220.0,245.0,,,,40.0,250.0,32910.0,3.8,129.0,57.0,38.0,35.0,130.0,,,,,,,220.0,220.0,2007.0,2006.0,1.0,2.0,0.0,0.0,0.0,225.0,2010.0
city20,2009,220.0,250.0,,,,41.0,250.0,35930.0,3.9,131.0,57.0,38.0,37.0,132.0,,,,,,,220.0,220.0,2008.0,2007.0,1.0,2.0,0.0,0.0,0.0,210.0,2011.0
city20,2010,225.0,250.0,30.0,135.0,35.0,41.0,240.0,39090.0,3.7,134.0,56.0,39.0,39.0,134.0,,,,,,,220.0,220.0,2009.0,2008.0,1.0,2.0,5.0,0.022727272727272728,2.5,210.0,2012.0
city20,2011,210.0,250.0,,,,44.0,240.0,44050.0,3.7,128.0,55.0,37.0,36.0,128.0,,,,,,,225.0,220.0,2010.0,2009.0,1.0,2.0,-15.0,-0.06666666666666667,-5.0,210.0,2013.0
city20,2012,210.0,250.0,,,,45.0,240.0,50050.0,3.5,131.0,54.0,39.0,38.0,131.0,,,,,,,210.0,225.0,2011.0,2010.0,1.0,2.0,0.0,0.0,-7.5,210.0,2014.0
city20,2013,210.0,250.0,,,,47.0,240.0,54710.0,3.4,133.0,53.0,40.0,40.0,133.0,,,,,,,210.0,210.0,2012.0,2011.0,1.0,2.0,0.0,0.0,0.0,210.0,2015.0
city20,2014,210.0,255.0,,,,48.0,240.0,55540.0,3.1,134.0,53.0,40.0,40.0,133.0,,,16992.0,9072.0,27980.0,13808.0,210.0,210.0,2013.0,2012.0,1.0,2.0,0.0,0.0,0.0,210.0,2016.0
city20,2015,210.0,255.0,,,,49.0,240.0,65080.0,3.1,134.0,53.0,30.0,51.0,134.0,22432.0,13872.0,18352.0,9980.0,30580.0,15352.0,210.0,210.0,2014.0,2013.0,1.0,2.0,0.0,0.0,0.0,215.0,2017.0
city20,2016,210.0,255.0,,,,50.0,245.0,75450.0,2.9,131.0,51.0,39.0,40.0,130.0,24460.0,14692.0,19388.0,10628.0,33210.0,16884.0,210.0,210.0,2015.0,2014.0,1.0,2.0,0.0,0.0,0.0,220.0,2018.0
city20,2017,215.0,255.0,,,,54.0,245.0,85530.0,2.8,132.0,50.0,40.0,43.0,133.0,26744.0,15864.0,20872.0,11448.0,36185.0,18420.0,210.0,210.0,2016.0,2015.0,1.0,2.0,5.0,0.023809523809523808,2.5,220.0,2019.0
city20,2018,220.0,255.0,,,,56.0,250.0,96840.0,2.7,133.0,50.0,40.0,44.0,134.0,29372.0,16788.0,21928.0,12180.0,39575.0,20224.0,215.0,210.0,2017.0,2016.0,1.0,2.0,5.0,0.023255813953488372,5.0,220.0,2020.0
city20,2019,220.0,255.0,,,,58.0,250.0,,2.2,135.0,49.0,40.0,46.0,135.0,32264.0,18732.0,24268.0,13624.0,43125.0,22252.0,220.0,215.0,2018.0,2017.0,1.0,2.0,0.0,0.0,2.5,225.0,2021.0
city20,2020,220.0,255.0,30.0,135.0,55.0,60.0,255.0,118260.0,2.0,135.0,47.0,43.0,45.0,135.0,35408.0,20632.0,26532.0,15004.0,46930.0,24424.0,220.0,220.0,2019.0,2018.0,1.0,2.0,0.0,0.0,0.0,,2022.0
city20,2021,225.0,255.0,,,,58.0,255.0,124610.0,1.8,,,,,,37932.0,21024.0,26800.0,15112.0,49300.0,26288.0,220.0,220.0,2020.0,2019.0,1.0,2.0,5.0,0.022727272727272728,2.5,,
city20,2022,,,,,,58.0,260.0,,1.6,,,,,,42648.0,25040.0,31428.0,17868.0,54575.0,29264.0,225.0,220.0,2021.0,2020.0,1.0,2.0,,,,,
city21,2000,,,113.0,490.0,84.0,,,,,,,,,,,,,,,,,,,,,,,,,,2002.0
city21,2001,,,,,,,,14312.0,3.0,,,,,,,,,,,,,,2000.0,,1.0,,,,,,2003.0
city21,2002,,,,,,,,18316.0,4.0,,,,,,,,,,,,,,2001.0,2000.0,1.0,2.0,,,,,2004.0
city21,2003,,,,,,,,21416.0,4.0,,,,,,,,,,,,,,2002.0,2001.0,1.0,2.0,,,,,2005.0
city21,2004,,,,,,,,24664.0,4.0,451.0,102.0,182.0,166.0,450.0,,,,,,,,,2003.0,2002.0,1.0,2.0,,,,751.0,2006.0
city21,2005,,,,,,,,28888.0,4.0,456.0,93.0,198.0,165.0,456.0,,,,,,,,,2004.0,2003.0,1.0,2.0,,,,773.0,2007.0
city21,2006,751.0,660.0,,,,69.0,452.0,30576.0,4.0,481.0,92.0,222.0,167.0,481.0,,,,,,,,,2005.0,2004.0,1.0,2.0,,,,786.0,2008.0
city21,2007,773.0,666.0,,,,69.0,466.0,32788.0,3.0,512.0,87.0,235.0,191.0,513.0,,,,,,,751.0,,2006.0,2005.0,1.0,2.0,22.0,0.02929427430093209,,797.0,2009.0
city21,2008,786.0,672.0,,,,69.0,474.0,36496.0,3.0,533.0,84.0,245.0,204.0,533.0,,,,,,,773.0,751.0,2007.0,2006.0,1.0,2.0,13.0,0.016817593790426907,17.5,810.0,2010.0
city21,2009,797.0,678.0,,,,70.0,480.0,40192.0,3.0,569.0,80.0,264.0,225.0,569.0,,,,,,,786.0,773.0,2008.0,2007.0,1.0,2.0,11.0,0.013994910941475827,12.0,870.0,2011.0
city21,2010,810.0,683.0,99.0,654.0,117.0,73.0,488.0,43944.0,3.0,597.0,80.0,278.0,239.0,597.0,,,,,,,797.0,786.0,2009.0,2008.0,1.0,2.0,13.0,0.01631116687578419,12.0,874.0,2012.0
city21,2011,870.0,689.0,,,,74.0,524.0,48768.0,0.0,626.0,76.0,286.0,264.0,626.0,,,,,,,810.0,797.0,2010.0,2009.0,1.0,2.0,60.0,0.07407407407407407,36.5,880.0,2013.0
city21,2012,874.0,696.0,,,,74.0,526.0,54408.0,2.0,638.0,72.0,289.0,276.0,637.0,,,,,,,870.0,810.0,2011.0,2010.0,1.0,2.0,4.0,0.004597701149425287,32.0,884.0,2014.0
city21,2013,880.0,701.0,,,,75.0,530.0,56416.0,2.0,644.0,70.0,290.0,284.0,644.0,,,,,,,874.0,870.0,2012.0,2011.0,1.0,2.0,6.0,0.006864988558352402,5.0,889.0,2015.0
city21,2014,884.0,707.0,,,,75.0,533.0,64956.0,2.0,651.0,70.0,292.0,289.0,651.0,,,30656.0,16020.0,40923.0,35763.0,880.0,874.0,2013.0,2012.0,1.0,2.0,4.0,0.004545454545454545,5.0,902.0,2016.0
city21,2015,889.0,716.0,,,,75.0,536.0,70820.0,2.0,655.0,66.0,287.0,302.0,655.0,39236.0,28491.0,32164.0,17814.0,44631.0,39237.0,884.0,880.0,2014.0,2013.0,1.0,2.0,5.0,0.005656108597285068,4.5,919.0,2017.0
city21,2016,902.0,724.0,,,,76.0,543.0,77816.0,2.0,663.0,67.0,272.0,324.0,663.0,42640.0,30180.0,33816.0,19332.0,48315.0,42642.0,889.0,884.0,2015.0,2014.0,1.0,2.0,13.0,0.014623172103487065,9.0,947.0,2018.0
city21,2017,919.0,736.0,,,,77.0,553.0,87152.0,2.0,677.0,66.0,262.0,349.0,677.0,46116.0,31905.0,35684.0,20562.0,52185.0,46116.0,902.0,889.0,2016.0,2015.0,1.0,2.0,17.0,0.018847006651884702,15.0,981.0,2019.0
city21,2018,947.0,754.0,,,,77.0,570.0,96668.0,2.0,681.0,66.0,258.0,357.0,681.0,49832.0,34146.0,38176.0,21981.0,56274.0,49830.0,919.0,902.0,2017.0,2016.0,1.0,2.0,28.0,0.030467899891186073,22.5,1036.0,2020.0
city21,2019,981.0,774.0,,,,79.0,580.0,106708.0,2.0,696.0,60.0,244.0,392.0,696.0,54348.0,37368.0,41612.0,24201.0,61170.0,54348.0,947.0,919.0,2018.0,2017.0,1.0,2.0,34.0,0.03590285110876452,31.0,1194.0,2021.0
city21,2020,1036.0,794.0,155.0,837.0,201.0,83.0,613.0,120308.0,2.0,720.0,57.0,257.0,407.0,721.0,59260.0,40014.0,44076.0,26295.0,66066.0,59259.0,981.0,947.0,2019.0,2018.0,1.0,2.0,55.0,0.05606523955147808,44.5,,2022.0
city21,2021,1194.0,814.0,,,,84.0,706.0,132188.0,2.0,,,,,,61876.0,38235.0,41916.0,25662.0,68664.0,61878.0,1036.0,981.0,2020.0,2019.0,1.0,2.0,158.0,0.1525096525096525,106.5,,
city21,2022,,,,,,84.0,722.0,,2.0,,,,,,67708.0,446007.0,48628.0,30222.0,74700.0,67707.0,1194.0,1036.0,2021.0,2020.0,1.0,2.0,,,,,
city22,2000,,,96.0,457.0,232.0,,,,,,,,,,,,,,,,,,,,,,,,,,2002.0
city22,2001,613.0,,,,,,826.0,13912.0,,,,,,,,,,,,,,,2000.0,,1.0,,,,,,2003.0
city22,2002,,,,,,,838.0,16572.0,4.0,,,,,,,,,,,,613.0,,2001.0,2000.0,1.0,2.0,,,,,2004.0
city22,2003,,,,,,,855.0,19144.0,4.0,270.0,58.0,93.0,119.0,270.0,,,,,,,,613.0,2002.0,2001.0,1.0,2.0,,,,,2005.0
city22,2004,,,,,,,869.0,22188.0,4.0,281.0,52.0,101.0,128.0,281.0,,,,,,,,,2003.0,2002.0,1.0,2.0,,,,,2006.0
city22,2005,,,,,,,887.0,26060.0,4.0,284.0,45.0,101.0,138.0,284.0,,,,,,,,,2004.0,2003.0,1.0,2.0,,,,719.0,2007.0
city22,2006,,,,,,76.0,905.0,29340.0,3.0,317.0,43.0,132.0,143.0,318.0,,,,,,,,,2005.0,2004.0,1.0,2.0,,,,741.0,2008.0
city22,2007,719.0,607.0,,,,77.0,923.0,32456.0,3.0,327.0,37.0,139.0,151.0,327.0,,,,,,,,,2006.0,2005.0,1.0,2.0,,,,759.0,2009.0
city22,2008,741.0,617.0,,,,77.0,938.0,35904.0,3.0,368.0,45.0,153.0,169.0,367.0,,,,,,,719.0,,2007.0,2006.0,1.0,2.0,22.0,0.030598052851182198,,771.0,2010.0
city22,2009,759.0,624.0,,,,77.0,949.0,39876.0,3.0,380.0,46.0,153.0,181.0,380.0,,,,,,,741.0,719.0,2008.0,2007.0,1.0,2.0,18.0,0.024291497975708502,20.0,801.0,2011.0
city22,2010,771.0,630.0,76.0,614.0,110.0,79.0,957.0,43620.0,3.0,408.0,46.0,169.0,193.0,408.0,,,,,,,759.0,741.0,2009.0,2008.0,1.0,2.0,12.0,0.015810276679841896,15.0,811.0,2012.0
city22,2011,801.0,632.0,,,,80.0,960.0,48780.0,3.0,458.0,51.0,175.0,232.0,458.0,,,18156.0,,,,771.0,759.0,2010.0,2009.0,1.0,2.0,30.0,0.038910505836575876,21.0,816.0,2013.0
city22,2012,811.0,636.0,,,,80.0,966.0,54708.0,3.0,468.0,44.0,176.0,248.0,468.0,,,20763.0,,,,801.0,771.0,2011.0,2010.0,1.0,2.0,10.0,0.012484394506866416,20.0,819.0,2014.0
city22,2013,816.0,638.0,,,,81.0,969.0,63148.0,3.0,452.0,49.0,151.0,252.0,452.0,,,23493.0,,,,811.0,801.0,2012.0,2011.0,1.0,2.0,5.0,0.006165228113440197,7.5,822.0,2015.0
city22,2014,819.0,643.0,,,,81.0,1243.0,66220.0,3.0,452.0,49.0,150.0,254.0,453.0,,,25647.0,12390.0,,16530.0,816.0,811.0,2013.0,2012.0,1.0,2.0,3.0,0.003676470588235294,4.0,824.0,2016.0
city22,2015,822.0,649.0,,,,81.0,985.0,77284.0,3.0,453.0,47.0,150.0,256.0,453.0,,,25854.0,12816.0,,17661.0,819.0,816.0,2014.0,2013.0,1.0,2.0,3.0,0.003663003663003663,3.0,827.0,2017.0
city22,2016,824.0,653.0,,,,82.0,991.0,81072.0,2.0,455.0,47.0,149.0,260.0,456.0,,,27792.0,14040.0,,19482.0,822.0,819.0,2015.0,2014.0,1.0,2.0,2.0,0.0024330900243309003,2.5,834.0,2018.0
city22,2017,827.0,663.0,,,,82.0,1484.0,90188.0,2.0,456.0,46.0,149.0,261.0,456.0,,,29772.0,15771.0,,21156.0,824.0,822.0,2016.0,2015.0,1.0,2.0,3.0,0.0036407766990291263,2.5,844.0,2019.0
city22,2018,834.0,681.0,,,,83.0,,101500.0,2.0,456.0,46.0,149.0,261.0,456.0,,,31383.0,17154.0,,23133.0,827.0,824.0,2017.0,2016.0,1.0,2.0,7.0,0.008464328899637243,5.0,928.0,2020.0
city22,2019,844.0,697.0,,,,86.0,1555.0,111068.0,2.0,463.0,43.0,146.0,274.0,463.0,,,33537.0,18456.0,,25263.0,834.0,827.0,2018.0,2017.0,1.0,2.0,10.0,0.011990407673860911,8.5,932.0,2021.0
city22,2020,928.0,710.0,119.0,636.0,177.0,87.0,1588.0,129604.0,2.0,503.0,40.0,145.0,280.0,465.0,,,35931.0,19980.0,,27636.0,844.0,834.0,2019.0,2018.0,1.0,2.0,84.0,0.0995260663507109,47.0,,2022.0
city22,2021,932.0,723.0,,,,87.0,,138004.0,2.0,484.0,38.0,150.0,296.0,484.0,,,35853.0,19419.0,,29619.0,928.0,844.0,2020.0,2019.0,1.0,2.0,4.0,0.004310344827586207,44.0,,
city22,2022,,,,,,,,,,,,,,,,,42486.0,24006.0,,32700.0,932.0,928.0,2021.0,2020.0,1.0,2.0,,,,,
city23,2000,,,60.0,629.0,9.0,,,,,,,,,,,,,,,,,,,,,,,,,128.0,2002.0
city23,2001,124.0,74.0,,,,,758.0,15176.0,3.0,79.0,,,,,,,,,,,,,2000.0,,1.0,,,,,132.0,2003.0
city23,2002,128.0,76.0,,,,,761.0,17036.0,3.0,82.0,,,,,,,,,,,124.0,,2001.0,2000.0,1.0,2.0,4.0,0.03225806451612903,,135.0,2004.0
city23,2003,132.0,79.0,,,,,780.0,18504.0,3.0,88.0,,,,,,,,,,,128.0,124.0,2002.0,2001.0,1.0,2.0,4.0,0.03125,4.0,139.0,2005.0
city23,2004,135.0,82.0,,,,,799.0,19200.0,3.0,89.0,,,,,,,,,,,132.0,128.0,2003.0,2002.0,1.0,2.0,3.0,0.022727272727272728,3.5,142.0,2006.0
city23,2005,139.0,86.0,,,,88.0,823.0,20084.0,3.0,91.0,,,,,,,,,,,135.0,132.0,2004.0,2003.0,1.0,2.0,4.0,0.02962962962962963,3.5,144.0,2007.0
city23,2006,142.0,90.0,,,,85.0,839.0,21844.0,3.0,94.0,,,,,,,,,,,139.0,135.0,2005.0,2004.0,1.0,2.0,3.0,0.02158273381294964,3.5,147.0,2008.0
city23,2007,144.0,93.0,,,,85.0,859.0,23772.0,3.0,98.0,10.0,42.0,47.0,99.0,,,,,,,142.0,139.0,2006.0,2005.0,1.0,2.0,2.0,0.014084507042253521,2.5,151.0,2009.0
city23,2008,147.0,96.0,,,,85.0,862.0,26612.0,3.0,99.0,7.0,43.0,49.0,99.0,,,,,,,144.0,142.0,2007.0,2006.0,1.0,2.0,3.0,0.020833333333333332,2.5,154.0,2010.0
city23,2009,151.0,99.0,,,,87.0,914.0,29700.0,3.0,102.0,7.0,44.0,51.0,102.0,,,,,,,147.0,144.0,2008.0,2007.0,1.0,2.0,4.0,0.027210884353741496,3.5,156.0,2011.0
city23,2010,154.0,103.0,8.0,140.0,8.0,88.0,932.0,31760.0,3.0,95.0,7.0,42.0,46.0,95.0,,,,,,,151.0,147.0,2009.0,2008.0,1.0,2.0,3.0,0.019867549668874173,3.5,165.0,2012.0
city23,2011,156.0,105.0,,,,88.0,944.0,34404.0,3.0,103.0,6.0,46.0,51.0,103.0,,,20368.0,8070.0,25380.0,10185.0,154.0,151.0,2010.0,2009.0,1.0,2.0,2.0,0.012987012987012988,2.5,173.0,2013.0
city23,2012,165.0,106.0,,,,88.0,948.0,41052.0,2.0,104.0,6.0,46.0,51.0,103.0,,,21160.0,8895.0,28728.0,11856.0,156.0,154.0,2011.0,2010.0,1.0,2.0,9.0,0.057692307692307696,5.5,179.0,2014.0
city23,2013,173.0,107.0,,,,88.0,918.0,48484.0,2.0,105.0,6.0,49.0,50.0,105.0,,,24080.0,10098.0,32976.0,13398.0,165.0,156.0,2012.0,2011.0,1.0,2.0,8.0,0.048484848484848485,8.5,186.0,2015.0
city23,2014,179.0,109.0,,,,88.0,922.0,56240.0,2.0,106.0,6.0,54.0,46.0,106.0,,,26128.0,11415.0,36372.0,14940.0,173.0,165.0,2013.0,2012.0,1.0,2.0,6.0,0.03468208092485549,7.0,190.0,2016.0
city23,2015,186.0,110.0,,,,88.0,936.0,62576.0,2.0,109.0,6.0,55.0,47.0,108.0,33232.0,25125.0,26636.0,14301.0,35286.0,18393.0,179.0,173.0,2014.0,2013.0,1.0,2.0,7.0,0.03910614525139665,6.5,196.0,2017.0
city23,2016,190.0,112.0,,,,88.0,1095.0,67956.0,2.0,109.0,7.0,55.0,47.0,109.0,36156.0,27198.0,28740.0,16044.0,38322.0,20508.0,186.0,179.0,2015.0,2014.0,1.0,2.0,4.0,0.021505376344086023,5.5,207.0,2018.0
city23,2017,196.0,115.0,,,,88.0,1131.0,74928.0,2.0,110.0,6.0,55.0,49.0,110.0,40152.0,30477.0,32148.0,18372.0,42537.0,22887.0,190.0,186.0,2016.0,2015.0,1.0,2.0,6.0,0.031578947368421054,5.0,221.0,2019.0
city23,2018,207.0,119.0,,,,89.0,1192.0,,2.0,112.0,6.0,55.0,51.0,112.0,44040.0,32979.0,34732.0,20037.0,46824.0,23496.0,196.0,190.0,2017.0,2016.0,1.0,2.0,11.0,0.05612244897959184,8.5,233.0,2020.0
city23,2019,221.0,127.0,,,,89.0,1272.0,,2.0,116.0,6.0,67.0,92.0,165.0,48104.0,35079.0,36816.0,20472.0,50712.0,26196.0,207.0,196.0,2018.0,2017.0,1.0,2.0,14.0,0.06763285024154589,12.5,245.0,2021.0
city23,2020,233.0,133.0,39.0,189.0,16.0,90.0,1352.0,,2.0,137.0,6.0,65.0,90.0,161.0,52492.0,38211.0,40028.0,22572.0,55218.0,29067.0,221.0,207.0,2019.0,2018.0,1.0,2.0,12.0,0.05429864253393665,13.0,,2022.0
city23,2021,245.0,139.0,,,,91.0,1420.0,,2.0,148.0,5.0,60.0,83.0,148.0,55936.0,36357.0,37776.0,22497.0,58473.0,31116.0,233.0,221.0,2020.0,2019.0,1.0,2.0,12.0,0.05150214592274678,12.0,,
city23,2022,,,,,,,1430.0,,2.0,,,,,,61388.0,42333.0,43956.0,26928.0,64233.0,34392.0,245.0,233.0,2021.0,2020.0,1.0,2.0,,,,,
city24,2000,,,106.0,,47.0,,,,,,,,,,,,,,,,,,,,,,,,,,2002.0
city24,2001,,563.0,,,,,,10420.0,4.0,,,,,,,,,,,,,,2000.0,,1.0,,,,,,2003.0
city24,2002,,569.0,,,,,,11976.0,4.0,350.0,,,,,,,,,,,,,2001.0,2000.0,1.0,2.0,,,,,2004.0
city24,2003,,575.0,,,,51.0,,14392.0,4.0,353.0,,,,,,,,,,,,,2002.0,2001.0,1.0,2.0,,,,,2005.0
city24,2004,,583.0,,,,52.0,,16024.0,4.0,356.0,0.0,38.0,42.0,80.0,,,,,,,,,2003.0,2002.0,1.0,2.0,,,,643.0,2006.0
city24,2005,,590.0,,,,54.0,,17980.0,4.0,294.0,0.0,39.0,41.0,80.0,,,,,,,,,2004.0,2003.0,1.0,2.0,,,,648.0,2007.0
city24,2006,643.0,597.0,,,,56.0,788.0,20864.0,4.0,360.0,0.0,46.0,52.0,98.0,,,,,,,,,2005.0,2004.0,1.0,2.0,,,,657.0,2008.0
city24,2007,648.0,603.0,,,,70.0,793.0,22304.0,4.0,362.0,0.0,49.0,52.0,101.0,,,,,,,643.0,,2006.0,2005.0,1.0,2.0,5.0,0.007776049766718507,,663.0,2009.0
city24,2008,657.0,605.0,,,,71.0,804.0,26652.0,4.0,364.0,0.0,57.0,61.0,118.0,,,,,,,648.0,643.0,2007.0,2006.0,1.0,2.0,9.0,0.013888888888888888,7.0,668.0,2010.0
city24,2009,663.0,604.0,,,,71.0,810.0,31596.0,3.0,357.0,0.0,58.0,63.0,121.0,,,,,,,657.0,648.0,2008.0,2007.0,1.0,2.0,6.0,0.0091324200913242,7.5,682.0,2011.0
city24,2010,668.0,603.0,93.0,583.0,62.0,71.0,817.0,35660.0,4.0,373.0,0.0,56.0,67.0,123.0,,,,,,,663.0,657.0,2009.0,2008.0,1.0,2.0,5.0,0.007541478129713424,5.5,689.0,2012.0
city24,2011,682.0,604.0,,,,71.0,834.0,37852.0,4.0,379.0,0.0,62.0,66.0,128.0,,,15972.0,,25320.0,,668.0,663.0,2010.0,2009.0,1.0,2.0,14.0,0.020958083832335328,9.5,695.0,2013.0
city24,2012,689.0,607.0,,,,72.0,842.0,44004.0,4.0,393.0,0.0,61.0,72.0,133.0,,,18045.0,,28890.0,,682.0,668.0,2011.0,2010.0,1.0,2.0,7.0,0.010263929618768328,10.5,700.0,2014.0
city24,2013,695.0,609.0,,,,66.0,850.0,48828.0,3.0,408.0,0.0,69.0,72.0,141.0,,,20031.0,,32568.0,,689.0,682.0,2012.0,2011.0,1.0,2.0,6.0,0.008708272859216255,6.5,707.0,2015.0
city24,2014,700.0,613.0,,,,66.0,856.0,55840.0,2.0,454.0,0.0,72.0,76.0,148.0,,,21666.0,,35646.0,,695.0,689.0,2013.0,2012.0,1.0,2.0,5.0,0.007194244604316547,5.5,713.0,2016.0
city24,2015,707.0,622.0,,,,68.0,864.0,62320.0,2.0,465.0,0.0,67.0,75.0,142.0,,,22980.0,,38760.0,,700.0,695.0,2014.0,2013.0,1.0,2.0,7.0,0.01,6.0,723.0,2017.0
city24,2016,713.0,626.0,,,,69.0,872.0,68996.0,2.0,469.0,0.0,57.0,75.0,132.0,,,26316.0,,39888.0,,707.0,700.0,2015.0,2014.0,1.0,2.0,6.0,0.008486562942008486,6.5,732.0,2018.0
city24,2017,723.0,633.0,,,,71.0,885.0,77012.0,2.0,470.0,0.0,58.0,78.0,136.0,,,28536.0,,43050.0,,713.0,707.0,2016.0,2015.0,1.0,2.0,10.0,0.014025245441795231,8.0,746.0,2019.0
city24,2018,732.0,644.0,,,,72.0,895.0,84644.0,2.0,453.0,0.0,54.0,77.0,131.0,,,30726.0,,46641.0,,723.0,713.0,2017.0,2016.0,1.0,2.0,9.0,0.012448132780082987,9.5,891.0,2020.0
city24,2019,746.0,656.0,,,,71.0,912.0,91648.0,2.0,424.0,0.0,55.0,75.0,130.0,,,32976.0,,50145.0,,732.0,723.0,2018.0,2017.0,1.0,2.0,14.0,0.01912568306010929,11.5,920.0,2021.0
city24,2020,891.0,797.0,151.0,585.0,129.0,73.0,1114.0,100592.0,2.0,510.0,0.0,58.0,88.0,146.0,,,26637.0,,41472.0,,746.0,732.0,2019.0,2018.0,1.0,2.0,145.0,0.19436997319034852,79.5,,2022.0
city24,2021,920.0,807.0,,,,74.0,1151.0,108388.0,2.0,469.0,,,,,,,34389.0,,53328.0,,891.0,746.0,2020.0,2019.0,1.0,2.0,29.0,0.03254769921436588,87.0,,
city24,2022,,,,,,74.0,1167.0,,,,,,,,,,36864.0,,57447.0,,920.0,891.0,2021.0,2020.0,1.0,2.0,,,,,
city25,2001,,,,,,,,15512.0,3.0,,,,,,,,,,,,,,,,,,,,,,2003.0
city25,2002,,,,,,,,19088.0,4.0,,,,,,,,,,,,,,2001.0,,1.0,,,,,,2004.0
city25,2003,,,,,,,,21120.0,4.0,223.0,,,,,,,,,,,,,2002.0,2001.0,1.0,2.0,,,,,2005.0
city25,2004,,,,,,,,23688.0,4.0,386.0,88.0,198.0,100.0,386.0,,,,,,,,,2003.0,2002.0,1.0,2.0,,,,656.0,2006.0
city25,2005,,,,,,,,25820.0,4.0,396.0,80.0,201.0,115.0,396.0,,,,,,,,,2004.0,2003.0,1.0,2.0,,,,672.0,2007.0
city25,2006,656.0,557.0,,,,63.0,698.0,29044.0,4.0,415.0,76.0,213.0,126.0,415.0,,,,,,,,,2005.0,2004.0,1.0,2.0,,,,690.0,2008.0
city25,2007,672.0,560.0,,,,63.0,714.0,28948.0,3.0,430.0,71.0,224.0,135.0,430.0,,,,,,,656.0,,2006.0,2005.0,1.0,2.0,16.0,0.024390243902439025,,707.0,2009.0
city25,2008,690.0,565.0,,,,64.0,704.0,32924.0,3.0,438.0,68.0,229.0,142.0,439.0,,,,,,,672.0,656.0,2007.0,2006.0,1.0,2.0,18.0,0.026785714285714284,17.0,719.0,2010.0
city25,2009,707.0,568.0,,,,64.0,721.0,35832.0,3.0,440.0,65.0,233.0,143.0,441.0,,,,,,,690.0,672.0,2008.0,2007.0,1.0,2.0,17.0,0.02463768115942029,17.5,761.0,2011.0
city25,2010,719.0,571.0,89.0,571.0,101.0,68.0,734.0,39136.0,3.0,444.0,69.0,239.0,135.0,443.0,,,,,,,707.0,690.0,2009.0,2008.0,1.0,2.0,12.0,0.016973125884016973,14.5,763.0,2012.0
city25,2011,761.0,574.0,,,,69.0,776.0,43476.0,3.0,477.0,32.0,266.0,178.0,476.0,,,,,,,719.0,707.0,2010.0,2009.0,1.0,2.0,42.0,0.0584144645340751,27.0,764.0,2013.0
city25,2012,763.0,576.0,,,,69.0,778.0,49756.0,3.0,494.0,33.0,274.0,188.0,495.0,,,,,,,761.0,719.0,2011.0,2010.0,1.0,2.0,2.0,0.002628120893561104,22.0,766.0,2014.0
city25,2013,764.0,578.0,,,,70.0,779.0,56252.0,3.0,502.0,30.0,275.0,197.0,502.0,,,,,,,763.0,761.0,2012.0,2011.0,1.0,2.0,1.0,0.001310615989515072,1.5,781.0,2015.0
city25,2014,766.0,580.0,,,,70.0,782.0,63360.0,2.0,503.0,29.0,274.0,200.0,503.0,,,25012.0,14442.0,40425.0,34656.0,764.0,763.0,2013.0,2012.0,1.0,2.0,2.0,0.002617801047120419,1.5,783.0,2016.0
city25,2015,781.0,584.0,,,,71.0,797.0,70224.0,2.0,512.0,19.0,273.0,219.0,511.0,38072.0,24324.0,27892.0,16227.0,44154.0,38073.0,766.0,764.0,2014.0,2013.0,1.0,2.0,15.0,0.0195822454308094,8.5,788.0,2017.0
city25,2016,783.0,587.0,,,,72.0,798.0,74988.0,2.0,510.0,19.0,271.0,220.0,510.0,41372.0,26055.0,29644.0,17799.0,47850.0,41373.0,781.0,766.0,2015.0,2014.0,1.0,2.0,2.0,0.002560819462227913,8.5,801.0,2018.0
city25,2017,788.0,591.0,,,,72.0,804.0,83656.0,2.0,520.0,18.0,272.0,230.0,520.0,44640.0,27891.0,31584.0,19311.0,51558.0,44640.0,783.0,781.0,2016.0,2015.0,1.0,2.0,5.0,0.006385696040868455,3.5,820.0,2019.0
city25,2018,801.0,597.0,,,,73.0,817.0,91704.0,2.0,532.0,16.0,275.0,240.0,531.0,48232.0,29316.0,33196.0,20238.0,55656.0,48231.0,788.0,783.0,2017.0,2016.0,1.0,2.0,13.0,0.01649746192893401,9.0,854.0,2020.0
city25,2019,820.0,603.0,,,,74.0,837.0,102324.0,2.0,541.0,16.0,271.0,254.0,541.0,52400.0,32199.0,36712.0,21246.0,60132.0,52401.0,801.0,788.0,2018.0,2017.0,1.0,2.0,19.0,0.02372034956304619,16.0,940.0,2021.0
city25,2020,854.0,608.0,115.0,655.0,170.0,78.0,872.0,110876.0,2.0,589.0,16.0,319.0,254.0,589.0,56980.0,33942.0,38272.0,22797.0,64884.0,56982.0,820.0,801.0,2019.0,2018.0,1.0,2.0,34.0,0.041463414634146344,26.5,,2022.0
city25,2021,940.0,614.0,,,,78.0,960.0,111284.0,2.0,419.0,,,,,59952.0,34455.0,38700.0,23481.0,68007.0,59952.0,854.0,820.0,2020.0,2019.0,1.0,2.0,86.0,0.10070257611241218,60.0,,
city25,2022,,,,,,79.0,974.0,,2.0,,,,,,65436.0,40476.0,45360.0,27450.0,73869.0,65436.0,940.0,854.0,2021.0,2020.0,1.0,2.0,,,,,
city26,2001,751.0,,,,,,981.0,9244.0,,,,,,,,,,,,,,,,,,,,,,,2003.0
city26,2002,,,,,,,978.0,10588.0,,,,,,,,,,,,,751.0,,2001.0,,1.0,,,,,,2004.0
city26,2003,,,,,,,975.0,12108.0,,,185.0,140.0,71.0,396.0,,,,,,,,751.0,2002.0,2001.0,1.0,2.0,,,,,2005.0
city26,2004,,,,,,,972.0,13544.0,,,172.0,160.0,99.0,431.0,,,,,,,,,2003.0,2002.0,1.0,2.0,,,,,2006.0
city26,2005,,,,,,,967.0,15900.0,,,158.0,171.0,103.0,432.0,,,,,,,,,2004.0,2003.0,1.0,2.0,,,,725.0,2007.0
city26,2006,,,,,,47.0,963.0,18512.0,,,134.0,178.0,132.0,444.0,,,,,,,,,2005.0,2004.0,1.0,2.0,,,,718.0,2008.0
city26,2007,725.0,770.0,,,,49.0,962.0,21660.0,,,108.0,191.0,150.0,449.0,,,,,,,,,2006.0,2005.0,1.0,2.0,,,,715.0,2009.0
city26,2008,718.0,766.0,,,,50.0,958.0,25944.0,,,97.0,204.0,156.0,457.0,,,,,,,725.0,,2007.0,2006.0,1.0,2.0,-7.0,-0.009655172413793104,,713.0,2010.0
city26,2009,715.0,764.0,,,,53.0,955.0,30852.0,,,90.0,201.0,163.0,454.0,,,,,,,718.0,725.0,2008.0,2007.0,1.0,2.0,-3.0,-0.004178272980501393,-5.0,728.0,2011.0
city26,2010,713.0,763.0,77.0,,,56.0,953.0,35220.0,,,85.0,207.0,169.0,461.0,,,,,,,715.0,718.0,2009.0,2008.0,1.0,2.0,-2.0,-0.002797202797202797,-2.5,729.0,2012.0
city26,2011,728.0,763.0,,,,58.0,954.0,39444.0,,,81.0,216.0,167.0,464.0,,,,,,,713.0,715.0,2010.0,2009.0,1.0,2.0,15.0,0.021037868162692847,6.5,730.0,2013.0
city26,2012,729.0,765.0,,,,59.0,956.0,44568.0,,,76.0,216.0,173.0,465.0,,,,,,,728.0,713.0,2011.0,2010.0,1.0,2.0,1.0,0.0013736263736263737,8.0,730.0,2014.0
city26,2013,730.0,765.0,,,,60.0,956.0,49396.0,,,115.0,214.0,140.0,469.0,,,,,,,729.0,728.0,2012.0,2011.0,1.0,2.0,1.0,0.0013717421124828531,1.0,730.0,2015.0
city26,2014,730.0,767.0,,,,61.0,912.0,58652.0,,,107.0,217.0,143.0,467.0,,,,,,,730.0,729.0,2013.0,2012.0,1.0,2.0,0.0,0.0,0.5,730.0,2016.0
city26,2015,730.0,768.0,,,,63.0,728.0,63292.0,,,102.0,216.0,144.0,462.0,,,,,,,730.0,730.0,2014.0,2013.0,1.0,2.0,0.0,0.0,0.0,730.0,2017.0
city26,2016,730.0,767.0,,,,64.0,727.0,66532.0,,,97.0,215.0,148.0,460.0,,,,,,,730.0,730.0,2015.0,2014.0,1.0,2.0,0.0,0.0,0.0,731.0,2018.0
city26,2017,730.0,767.0,,,,66.0,4128.0,71740.0,,,96.0,213.0,149.0,458.0,,,,,,,730.0,730.0,2016.0,2015.0,1.0,2.0,0.0,0.0,0.0,731.0,2019.0
city26,2018,731.0,764.0,,,,67.0,,75312.0,,,96.0,213.0,149.0,458.0,,,,,,,730.0,730.0,2017.0,2016.0,1.0,2.0,1.0,0.0013698630136986301,0.5,772.0,2020.0
city26,2019,731.0,763.0,,,,70.0,4106.0,79216.0,,,84.0,212.0,160.0,456.0,,,,,,,731.0,730.0,2018.0,2017.0,1.0,2.0,0.0,0.0,0.5,773.0,2021.0
city26,2020,772.0,760.0,84.0,,,70.0,4160.0,86796.0,2.0,,80.0,211.0,161.0,452.0,,,,,,,731.0,731.0,2019.0,2018.0,1.0,2.0,41.0,0.0560875512995896,20.5,,2022.0
city26,2021,773.0,756.0,,,,71.0,,92540.0,2.0,,72.0,204.0,210.0,486.0,,,,,,,772.0,731.0,2020.0,2019.0,1.0,2.0,1.0,0.0012953367875647669,21.0,,
city26,2022,,,,,,,,,2.0,,,,,,,,,,,,773.0,772.0,2021.0,2020.0,1.0,2.0,,,,,
city27,2000,,,21.0,98.0,5.0,,,,,,,,,,,,,,,,,,,,,,,,,478.0,2002.0
city27,2001,468.0,459.0,,,,,2263.0,9124.0,1.0,207.0,,,,,,,,,,,,,2000.0,,1.0,,,,,482.0,2003.0
city27,2002,478.0,462.0,,,,,,11928.0,2.0,208.0,,,,,,,,,,,468.0,,2001.0,2000.0,1.0,2.0,10.0,0.021367521367521368,,486.0,2004.0
city27,2003,482.0,480.0,,,,,2335.0,13564.0,3.0,207.0,,,,,,,,,,,478.0,468.0,2002.0,2001.0,1.0,2.0,4.0,0.008368200836820083,7.0,493.0,2005.0
city27,2004,486.0,485.0,,,,,2355.0,14424.0,3.0,163.0,,,,,,,,,,,482.0,478.0,2003.0,2002.0,1.0,2.0,4.0,0.008298755186721992,4.0,494.0,2006.0
city27,2005,493.0,488.0,,,,72.0,2387.0,15840.0,3.0,174.0,,,,,,,,,,,486.0,482.0,2004.0,2003.0,1.0,2.0,7.0,0.01440329218106996,5.5,500.0,2007.0
city27,2006,494.0,491.0,,,,70.0,2395.0,17112.0,3.0,180.0,,,,,,,,,,,493.0,486.0,2005.0,2004.0,1.0,2.0,1.0,0.002028397565922921,4.0,507.0,2008.0
city27,2007,500.0,495.0,,,,70.0,2408.0,18956.0,3.0,182.0,71.0,68.0,43.0,182.0,,,,,,,494.0,493.0,2006.0,2005.0,1.0,2.0,6.0,0.012145748987854251,3.5,515.0,2009.0
city27,2008,507.0,501.0,,,,70.0,2423.0,21564.0,3.0,187.0,71.0,71.0,45.0,187.0,,,,,,,500.0,494.0,2007.0,2006.0,1.0,2.0,7.0,0.014,6.5,522.0,2010.0
city27,2009,515.0,507.0,,,,70.0,2290.0,23084.0,3.0,239.0,70.0,105.0,63.0,238.0,,,,,,,507.0,500.0,2008.0,2007.0,1.0,2.0,8.0,0.015779092702169626,7.5,540.0,2011.0
city27,2010,522.0,511.0,38.0,463.0,38.0,68.0,2322.0,25384.0,3.0,244.0,71.0,108.0,65.0,244.0,,,,,,,515.0,507.0,2009.0,2008.0,1.0,2.0,7.0,0.013592233009708738,7.5,540.0,2012.0
city27,2011,540.0,524.0,,,,69.0,2400.0,27740.0,3.0,238.0,71.0,104.0,63.0,238.0,,,13218.0,5958.0,15177.0,6516.0,522.0,515.0,2010.0,2009.0,1.0,2.0,18.0,0.034482758620689655,12.5,541.0,2013.0
city27,2012,540.0,529.0,,,,70.0,2409.0,32784.0,2.0,239.0,70.0,105.0,64.0,239.0,,,15744.0,6585.0,17472.0,7893.0,540.0,522.0,2011.0,2010.0,1.0,2.0,0.0,0.0,9.0,542.0,2014.0
city27,2013,541.0,533.0,,,,70.0,2492.0,37716.0,2.0,239.0,69.0,107.0,63.0,239.0,,,17985.0,7296.0,20022.0,9030.0,540.0,540.0,2012.0,2011.0,1.0,2.0,1.0,0.001851851851851852,0.5,545.0,2015.0
city27,2014,542.0,540.0,,,,70.0,2506.0,42644.0,2.0,240.0,65.0,110.0,65.0,240.0,,,19548.0,7944.0,22206.0,10095.0,541.0,540.0,2013.0,2012.0,1.0,2.0,1.0,0.0018484288354898336,1.0,546.0,2016.0
city27,2015,545.0,547.0,,,,69.0,2512.0,45936.0,2.0,238.0,65.0,108.0,65.0,238.0,17264.0,14562.0,18036.0,9525.0,21444.0,11190.0,542.0,541.0,2014.0,2013.0,1.0,2.0,3.0,0.005535055350553505,2.0,546.0,2017.0
city27,2016,546.0,550.0,,,,69.0,2481.0,52296.0,3.0,238.0,64.0,109.0,65.0,238.0,18996.0,16179.0,19350.0,10797.0,23259.0,12453.0,545.0,542.0,2015.0,2014.0,1.0,2.0,1.0,0.001834862385321101,2.0,548.0,2018.0
city27,2017,546.0,559.0,,,,69.0,2485.0,55864.0,2.0,239.0,63.0,109.0,67.0,239.0,20712.0,17532.0,20721.0,12018.0,25119.0,13662.0,546.0,545.0,2016.0,2015.0,1.0,2.0,0.0,0.0,0.5,549.0,2019.0
city27,2018,548.0,565.0,,,,70.0,2490.0,,2.0,240.0,62.0,108.0,69.0,239.0,22520.0,18789.0,21777.0,13344.0,27174.0,14904.0,546.0,546.0,2017.0,2016.0,1.0,2.0,2.0,0.003663003663003663,1.0,549.0,2020.0
city27,2019,549.0,569.0,,,,70.0,2495.0,,2.0,240.0,60.0,98.0,89.0,247.0,24428.0,19185.0,21996.0,14052.0,29076.0,16245.0,548.0,546.0,2018.0,2017.0,1.0,2.0,1.0,0.0018248175182481751,1.5,550.0,2021.0
city27,2020,549.0,572.0,123.0,369.0,59.0,71.0,2492.0,,2.0,248.0,60.0,101.0,87.0,248.0,26612.0,20943.0,23853.0,15372.0,31413.0,17733.0,549.0,548.0,2019.0,2018.0,1.0,2.0,0.0,0.0,0.5,,2022.0
city27,2021,550.0,576.0,,,,71.0,2497.0,,3.0,247.0,37.0,97.0,112.0,246.0,28220.0,21255.0,24048.0,15741.0,32919.0,18960.0,549.0,549.0,2020.0,2019.0,1.0,2.0,1.0,0.0018214936247723133,0.5,,
city27,2022,,,,,,,2509.0,,2.0,,,,,,30968.0,22491.0,25266.0,16914.0,35598.0,20817.0,550.0,549.0,2021.0,2020.0,1.0,2.0,,,,,
city28,2000,,,129.0,,70.0,,,,,,,,,,,,,,,,,,,,,,,,,,2002.0
city28,2001,,707.0,,,,,,10176.0,3.0,,,,,,,,,,,,,,2000.0,,1.0,,,,,,2003.0
city28,2002,,710.0,,,,,,12720.0,4.0,440.0,,,,,,,,,,,,,2001.0,2000.0,1.0,2.0,,,,,2004.0
city28,2003,,716.0,,,,35.0,,14112.0,4.0,448.0,,,,,,,,,,,,,2002.0,2001.0,1.0,2.0,,,,,2005.0
city28,2004,,721.0,,,,36.0,,15332.0,4.0,451.0,1.0,64.0,42.0,107.0,,,,,,,,,2003.0,2002.0,1.0,2.0,,,,820.0,2006.0
city28,2005,,731.0,,,,64.0,,17260.0,3.0,460.0,1.0,73.0,42.0,116.0,,,,,,,,,2004.0,2003.0,1.0,2.0,,,,829.0,2007.0
city28,2006,820.0,741.0,,,,61.0,750.0,20020.0,3.0,467.0,1.0,80.0,44.0,125.0,,,,,,,,,2005.0,2004.0,1.0,2.0,,,,839.0,2008.0
city28,2007,829.0,749.0,,,,61.0,759.0,23456.0,3.0,475.0,1.0,85.0,44.0,130.0,,,,,,,820.0,,2006.0,2005.0,1.0,2.0,9.0,0.01097560975609756,,846.0,2009.0
city28,2008,839.0,758.0,,,,61.0,768.0,27084.0,3.0,482.0,1.0,84.0,46.0,131.0,,,,,,,829.0,820.0,2007.0,2006.0,1.0,2.0,10.0,0.012062726176115802,9.5,850.0,2010.0
city28,2009,846.0,762.0,,,,63.0,774.0,30232.0,3.0,485.0,0.0,80.0,46.0,126.0,,,,,,,839.0,829.0,2008.0,2007.0,1.0,2.0,7.0,0.00834326579261025,8.5,872.0,2011.0
city28,2010,850.0,763.0,117.0,626.0,89.0,63.0,778.0,33256.0,3.0,489.0,1.0,75.0,47.0,123.0,,,,,,,846.0,839.0,2009.0,2008.0,1.0,2.0,4.0,0.004728132387706856,5.5,890.0,2012.0
city28,2011,872.0,764.0,,,,63.0,798.0,37800.0,3.0,505.0,1.0,76.0,48.0,125.0,,,17529.0,,24996.0,,850.0,846.0,2010.0,2009.0,1.0,2.0,22.0,0.02588235294117647,13.0,903.0,2013.0
city28,2012,890.0,766.0,,,,63.0,796.0,43160.0,3.0,511.0,0.0,78.0,50.0,128.0,,,19296.0,,28566.0,,872.0,850.0,2011.0,2010.0,1.0,2.0,18.0,0.020642201834862386,20.0,918.0,2014.0
city28,2013,903.0,770.0,,,,68.0,823.0,49052.0,3.0,516.0,0.0,77.0,52.0,129.0,,,20391.0,,32142.0,,890.0,872.0,2012.0,2011.0,1.0,2.0,13.0,0.014606741573033709,15.5,935.0,2015.0
city28,2014,918.0,774.0,,,,68.0,836.0,55332.0,3.0,518.0,0.0,87.0,60.0,147.0,,,22059.0,,35226.0,,903.0,890.0,2013.0,2012.0,1.0,2.0,15.0,0.016611295681063124,14.0,945.0,2016.0
city28,2015,935.0,781.0,,,,70.0,851.0,62096.0,3.0,521.0,0.0,84.0,66.0,150.0,,,24015.0,,38292.0,,918.0,903.0,2014.0,2013.0,1.0,2.0,17.0,0.018518518518518517,16.0,961.0,2017.0
city28,2016,945.0,783.0,,,,72.0,860.0,69464.0,3.0,524.0,0.0,83.0,67.0,150.0,,,26049.0,,40368.0,,935.0,918.0,2015.0,2014.0,1.0,2.0,10.0,0.0106951871657754,13.5,972.0,2018.0
city28,2017,961.0,791.0,,,,73.0,875.0,76616.0,3.0,524.0,0.0,77.0,68.0,145.0,,,28284.0,,43596.0,,945.0,935.0,2016.0,2015.0,1.0,2.0,16.0,0.016931216931216932,13.0,981.0,2019.0
city28,2018,972.0,803.0,,,,74.0,861.0,83536.0,3.0,524.0,0.0,75.0,71.0,146.0,,,30567.0,,47175.0,,961.0,945.0,2017.0,2016.0,1.0,2.0,11.0,0.011446409989594173,13.5,992.0,2020.0
city28,2019,981.0,818.0,,,,74.0,870.0,90840.0,3.0,525.0,0.0,70.0,75.0,145.0,,,32889.0,,50817.0,,972.0,961.0,2018.0,2017.0,1.0,2.0,9.0,0.009259259259259259,10.0,1011.0,2021.0
city28,2020,992.0,831.0,155.0,648.0,143.0,76.0,880.0,103124.0,3.0,524.0,0.0,62.0,85.0,147.0,,,29499.0,,45450.0,,981.0,972.0,2019.0,2018.0,1.0,2.0,11.0,0.011213047910295617,10.0,,2022.0
city28,2021,1011.0,837.0,,,,77.0,896.0,116112.0,3.0,526.0,,,,,,,35934.0,,55902.0,,992.0,981.0,2020.0,2019.0,1.0,2.0,19.0,0.019153225806451613,15.0,,
city28,2022,,,,,,77.0,909.0,,3.0,,,,,,,,38571.0,,60237.0,,1011.0,992.0,2021.0,2020.0,1.0,2.0,,,,,
city29,2000,,,93.0,357.0,65.0,,,,,,,,,,,,,,,,,,,,,,,,,,2002.0
city29,2001,,,,,,,,13204.0,3.0,,,,,,,,,,,,,,2000.0,,1.0,,,,,,2003.0
city29,2002,,,,,,,,16232.0,3.0,,,,,,,,,,,,,,2001.0,2000.0,1.0,2.0,,,,,2004.0
city29,2003,,,,,,,,18832.0,4.0,237.0,,,,,,,,,,,,,2002.0,2001.0,1.0,2.0,,,,,2005.0
city29,2004,,,,,,,,20996.0,4.0,359.0,122.0,127.0,109.0,358.0,,,,,,,,,2003.0,2002.0,1.0,2.0,,,,569.0,2006.0
city29,2005,,,,,,,,24880.0,4.0,364.0,106.0,137.0,121.0,364.0,,,,,,,,,2004.0,2003.0,1.0,2.0,,,,571.0,2007.0
city29,2006,569.0,560.0,,,,51.0,605.0,31076.0,4.0,369.0,104.0,140.0,125.0,369.0,,,,,,,,,2005.0,2004.0,1.0,2.0,,,,573.0,2008.0
city29,2007,571.0,565.0,,,,51.0,607.0,31944.0,4.0,370.0,101.0,143.0,126.0,370.0,,,,,,,569.0,,2006.0,2005.0,1.0,2.0,2.0,0.0035149384885764497,,574.0,2009.0
city29,2008,573.0,569.0,,,,51.0,610.0,33360.0,4.0,373.0,89.0,153.0,132.0,374.0,,,,,,,571.0,569.0,2007.0,2006.0,1.0,2.0,2.0,0.0035026269702276708,2.0,576.0,2010.0
city29,2009,574.0,574.0,,,,52.0,611.0,34128.0,4.0,376.0,84.0,157.0,134.0,375.0,,,,,,,573.0,571.0,2008.0,2007.0,1.0,2.0,1.0,0.0017452006980802793,1.5,597.0,2011.0
city29,2010,576.0,578.0,92.0,420.0,85.0,56.0,612.0,36820.0,4.0,379.0,78.0,162.0,138.0,378.0,,,,,,,574.0,573.0,2009.0,2008.0,1.0,2.0,2.0,0.003484320557491289,1.5,600.0,2012.0
city29,2011,597.0,583.0,,,,56.0,635.0,40564.0,4.0,368.0,75.0,160.0,132.0,367.0,,,,,,,576.0,574.0,2010.0,2009.0,1.0,2.0,21.0,0.036458333333333336,11.5,601.0,2013.0
city29,2012,600.0,587.0,,,,57.0,638.0,42196.0,3.0,371.0,76.0,162.0,133.0,371.0,,,,,,,597.0,576.0,2011.0,2010.0,1.0,2.0,3.0,0.005025125628140704,12.0,604.0,2014.0
city29,2013,601.0,591.0,,,,58.0,639.0,47008.0,3.0,389.0,75.0,171.0,143.0,389.0,,,,,,,600.0,597.0,2012.0,2011.0,1.0,2.0,1.0,0.0016666666666666668,2.0,602.0,2015.0
city29,2014,604.0,594.0,,,,60.0,642.0,50512.0,3.0,397.0,75.0,175.0,147.0,397.0,,,24028.0,13641.0,36480.0,28215.0,601.0,600.0,2013.0,2012.0,1.0,2.0,3.0,0.004991680532445923,2.0,605.0,2016.0
city29,2015,602.0,597.0,,,,60.0,640.0,54836.0,2.0,402.0,74.0,179.0,150.0,403.0,30948.0,21639.0,26456.0,15306.0,39762.0,30948.0,604.0,601.0,2014.0,2013.0,1.0,2.0,-2.0,-0.0033112582781456954,0.5,608.0,2017.0
city29,2016,605.0,597.0,,,,61.0,644.0,57212.0,2.0,407.0,72.0,182.0,153.0,407.0,33788.0,23820.0,28892.0,17100.0,43266.0,33786.0,602.0,604.0,2015.0,2014.0,1.0,2.0,3.0,0.0049833887043189366,0.5,612.0,2018.0
city29,2017,608.0,600.0,,,,62.0,647.0,64816.0,2.0,404.0,70.0,181.0,152.0,403.0,36912.0,25143.0,30020.0,18597.0,47160.0,36915.0,605.0,602.0,2016.0,2015.0,1.0,2.0,3.0,0.0049586776859504135,3.0,614.0,2019.0
city29,2018,612.0,604.0,,,,63.0,651.0,70824.0,2.0,407.0,69.0,182.0,155.0,406.0,40436.0,27129.0,32512.0,19707.0,51372.0,40437.0,608.0,605.0,2017.0,2016.0,1.0,2.0,4.0,0.006578947368421052,3.5,614.0,2020.0
city29,2019,614.0,605.0,,,,64.0,608.0,77672.0,2.0,408.0,68.0,184.0,156.0,408.0,43972.0,29421.0,35100.0,21510.0,55704.0,43971.0,612.0,608.0,2018.0,2017.0,1.0,2.0,2.0,0.0032679738562091504,3.0,662.0,2021.0
city29,2020,614.0,606.0,97.0,435.0,130.0,62.0,609.0,85576.0,2.0,408.0,67.0,184.0,158.0,409.0,47988.0,31767.0,37616.0,23364.0,60351.0,47988.0,614.0,612.0,2019.0,2018.0,1.0,2.0,0.0,0.0,1.0,,2022.0
city29,2021,662.0,606.0,,,,63.0,656.0,91304.0,1.0,269.0,,,,,50640.0,30969.0,36128.0,23001.0,62598.0,50643.0,614.0,614.0,2020.0,2019.0,1.0,2.0,48.0,0.0781758957654723,24.0,,
city29,2022,,,,,,64.0,660.0,,1.0,,,,,,55496.0,36225.0,42096.0,26838.0,68052.0,55497.0,662.0,614.0,2021.0,2020.0,1.0,2.0,,,,,
city3,2000,,,66.0,174.0,18.0,,,,3.0,309.0,,,,,,,,,,,,,,,,,,,,725.0,2002.0
city3,2001,701.0,125.0,,,,,3710.0,23036.0,2.0,333.0,,,,,,,,,,,,,2000.0,,1.0,,,,,747.0,2003.0
city3,2002,725.0,132.0,,,,,3823.0,25940.0,2.0,359.0,,,,,,,,,,,701.0,,2001.0,2000.0,1.0,2.0,24.0,0.034236804564907276,,778.0,2004.0
city3,2003,747.0,139.0,,,,,3985.0,28216.0,3.0,422.0,,,,,,,,,,,725.0,701.0,2002.0,2001.0,1.0,2.0,22.0,0.030344827586206897,23.0,801.0,2005.0
city3,2004,778.0,151.0,,,,,4101.0,30608.0,3.0,456.0,,,,,,,,,,,747.0,725.0,2003.0,2002.0,1.0,2.0,31.0,0.041499330655957165,26.5,828.0,2006.0
city3,2005,801.0,165.0,,,,,4239.0,31928.0,2.0,576.0,,,,,,,,,,,778.0,747.0,2004.0,2003.0,1.0,2.0,23.0,0.02956298200514139,27.0,871.0,2007.0
city3,2006,828.0,182.0,,,,99.0,4334.0,32476.0,2.0,648.0,2.0,372.0,274.0,648.0,,,,,,,801.0,778.0,2005.0,2004.0,1.0,2.0,27.0,0.033707865168539325,25.0,912.0,2008.0
city3,2007,871.0,197.0,,,,99.0,4412.0,35104.0,2.0,656.0,1.0,355.0,300.0,656.0,,,,,,,828.0,801.0,2006.0,2005.0,1.0,2.0,43.0,0.051932367149758456,35.0,954.0,2009.0
city3,2008,912.0,212.0,,,,99.0,4887.0,38796.0,2.0,670.0,1.0,362.0,307.0,670.0,,,,,,,871.0,828.0,2007.0,2006.0,1.0,2.0,41.0,0.04707233065442021,42.0,995.0,2010.0
city3,2009,954.0,228.0,,,,99.0,5095.0,43452.0,3.0,692.0,0.0,374.0,318.0,692.0,,,,,,,912.0,871.0,2008.0,2007.0,1.0,2.0,42.0,0.046052631578947366,41.5,1037.0,2011.0
city3,2010,995.0,241.0,48.0,966.0,18.0,99.0,5311.0,46720.0,3.0,758.0,0.0,390.0,367.0,757.0,,,,,,,954.0,912.0,2009.0,2008.0,1.0,2.0,41.0,0.0429769392033543,41.5,1123.0,2012.0
city3,2011,1037.0,251.0,,,,99.0,5360.0,50456.0,2.0,765.0,0.0,383.0,381.0,764.0,,,22804.0,,36505.0,,995.0,954.0,2010.0,2009.0,1.0,2.0,42.0,0.04221105527638191,41.5,1196.0,2013.0
city3,2012,1123.0,268.0,,,,99.0,5282.0,55140.0,2.0,771.0,0.0,373.0,398.0,771.0,,,24080.0,,40740.0,,1037.0,995.0,2011.0,2010.0,1.0,2.0,86.0,0.08293153326904533,64.0,1257.0,2014.0
city3,2013,1196.0,288.0,,,,99.0,5323.0,59008.0,2.0,899.0,0.0,437.0,462.0,899.0,,,26728.0,,44650.0,,1123.0,1037.0,2012.0,2011.0,1.0,2.0,73.0,0.06500445235975066,79.5,1318.0,2015.0
city3,2014,1257.0,310.0,,,,99.0,5398.0,62616.0,2.0,900.0,0.0,432.0,468.0,900.0,,,28812.0,,40945.0,,1196.0,1123.0,2013.0,2012.0,1.0,2.0,61.0,0.05100334448160535,67.0,1408.0,2016.0
city3,2015,1318.0,332.0,,,,99.0,7081.0,72648.0,2.0,906.0,0.0,423.0,483.0,906.0,40948.0,28852.0,28852.0,,44630.0,,1257.0,1196.0,2014.0,2013.0,1.0,2.0,61.0,0.04852824184566428,61.0,1495.0,2017.0
city3,2016,1408.0,355.0,,,,100.0,7518.0,81032.0,2.0,926.0,0.0,418.0,508.0,926.0,44632.0,32356.0,32356.0,,48695.0,,1318.0,1257.0,2015.0,2014.0,1.0,2.0,90.0,0.06828528072837632,75.5,1587.0,2018.0
city3,2017,1495.0,385.0,,,,100.0,7947.0,89756.0,2.0,943.0,2.0,419.0,522.0,943.0,48692.0,36480.0,36480.0,,52935.0,,1408.0,1318.0,2016.0,2015.0,1.0,2.0,87.0,0.06178977272727273,88.5,1666.0,2019.0
city3,2018,1587.0,435.0,,,,100.0,8341.0,,2.0,1050.0,2.0,515.0,775.0,1292.0,52936.0,38320.0,38320.0,,57540.0,,1495.0,1408.0,2017.0,2016.0,1.0,2.0,92.0,0.06153846153846154,89.5,1710.0,2020.0
city3,2019,1666.0,455.0,,,,100.0,8611.0,,2.0,1230.0,1.0,509.0,773.0,1283.0,57544.0,40532.0,40532.0,,62520.0,,1587.0,1495.0,2018.0,2017.0,1.0,2.0,79.0,0.04977945809703844,85.5,1763.0,2021.0
city3,2020,1710.0,495.0,264.0,1434.0,54.0,100.0,8877.0,,2.0,1240.0,1.0,479.0,759.0,1239.0,62520.0,43112.0,43112.0,,64875.0,,1666.0,1587.0,2019.0,2018.0,1.0,2.0,44.0,0.026410564225690276,61.5,,2022.0
city3,2021,1763.0,514.0,,,,100.0,8901.0,,2.0,1245.0,1.0,486.0,758.0,1245.0,64876.0,40580.0,40580.0,,70845.0,,1710.0,1666.0,2020.0,2019.0,1.0,2.0,53.0,0.030994152046783626,48.5,,
city3,2022,,,,,,100.0,,,,,,,,,70842.0,46280.0,46284.0,,,,1763.0,1710.0,2021.0,2020.0,1.0,2.0,,,,,
city30,2000,,,125.0,,,,,,,,,,,,,,,,,,,,,,,,,,,,2002.0
city30,2001,457.0,,,,,,612.0,8004.0,,,,,,,,,,,,,,,2000.0,,1.0,,,,,,2003.0
city30,2002,,,,,,,617.0,8980.0,,,,,,,,,,,,,457.0,,2001.0,2000.0,1.0,2.0,,,,,2004.0
city30,2003,,,,,,,619.0,10076.0,4.0,,111.0,44.0,54.0,209.0,,,,,,,,457.0,2002.0,2001.0,1.0,2.0,,,,,2005.0
city30,2004,,,,,,,624.0,11260.0,4.0,,106.0,43.0,53.0,202.0,,,,,,,,,2003.0,2002.0,1.0,2.0,,,,,2006.0
city30,2005,,,,,,,625.0,12712.0,4.0,,103.0,50.0,61.0,214.0,,,,,,,,,2004.0,2003.0,1.0,2.0,,,,451.0,2007.0
city30,2006,,,,,,39.0,630.0,15040.0,4.0,,100.0,59.0,68.0,227.0,,,,,,,,,2005.0,2004.0,1.0,2.0,,,,447.0,2008.0
city30,2007,451.0,479.0,,,,41.0,639.0,17760.0,4.0,,95.0,72.0,75.0,242.0,,,,,,,,,2006.0,2005.0,1.0,2.0,,,,446.0,2009.0
city30,2008,447.0,482.0,,,,42.0,643.0,21484.0,3.0,,93.0,81.0,99.0,273.0,,,,,,,451.0,,2007.0,2006.0,1.0,2.0,-4.0,-0.008869179600886918,,445.0,2010.0
city30,2009,446.0,488.0,,,,43.0,651.0,26492.0,3.0,,93.0,83.0,101.0,277.0,,,,,,,447.0,451.0,2008.0,2007.0,1.0,2.0,-1.0,-0.0022371364653243847,-2.5,440.0,2011.0
city30,2010,445.0,491.0,85.0,295.0,58.0,52.0,654.0,29548.0,,,93.0,92.0,106.0,291.0,,,,,,,446.0,447.0,2009.0,2008.0,1.0,2.0,-1.0,-0.002242152466367713,-1.0,439.0,2012.0
city30,2011,440.0,498.0,,,,53.0,664.0,33836.0,,,92.0,96.0,114.0,302.0,,,,,,,445.0,446.0,2010.0,2009.0,1.0,2.0,-5.0,-0.011235955056179775,-3.0,441.0,2013.0
city30,2012,439.0,505.0,,,,54.0,663.0,38816.0,,,88.0,101.0,119.0,308.0,,,,,,,440.0,445.0,2011.0,2010.0,1.0,2.0,-1.0,-0.0022727272727272726,-3.0,443.0,2014.0
city30,2013,441.0,511.0,,,,56.0,671.0,44128.0,2.0,,83.0,78.0,89.0,250.0,,,,,24342.0,,439.0,440.0,2012.0,2011.0,1.0,2.0,2.0,0.004555808656036446,0.5,445.0,2015.0
city30,2014,443.0,520.0,,,,57.0,582.0,46244.0,2.0,,82.0,78.0,90.0,250.0,,,,,26898.0,,441.0,439.0,2013.0,2012.0,1.0,2.0,2.0,0.0045351473922902496,2.0,447.0,2016.0
city30,2015,445.0,527.0,,,,59.0,691.0,52612.0,2.0,,79.0,81.0,91.0,251.0,,,,,23595.0,11697.0,443.0,441.0,2014.0,2013.0,1.0,2.0,2.0,0.004514672686230248,2.0,450.0,2017.0
city30,2016,447.0,531.0,,,,60.0,697.0,56152.0,2.0,,79.0,81.0,91.0,251.0,,,,,25728.0,12777.0,445.0,443.0,2015.0,2014.0,1.0,2.0,2.0,0.0044943820224719105,2.0,452.0,2018.0
city30,2017,450.0,534.0,,,,62.0,1464.0,61260.0,2.0,,79.0,81.0,91.0,251.0,,,,,27852.0,13932.0,447.0,445.0,2016.0,2015.0,1.0,2.0,3.0,0.006711409395973154,2.5,452.0,2019.0
city30,2018,452.0,533.0,,,,63.0,,69724.0,2.0,,79.0,81.0,91.0,251.0,,,,,30291.0,15273.0,450.0,447.0,2017.0,2016.0,1.0,2.0,2.0,0.0044444444444444444,2.5,459.0,2020.0
city30,2019,452.0,534.0,,,,61.0,1534.0,75808.0,2.0,,78.0,82.0,91.0,251.0,,,,,32748.0,16605.0,452.0,450.0,2018.0,2017.0,1.0,2.0,0.0,0.0,1.0,460.0,2021.0
city30,2020,459.0,534.0,98.0,268.0,94.0,62.0,1534.0,92008.0,,,76.0,73.0,101.0,250.0,,,,,35388.0,18060.0,452.0,452.0,2019.0,2018.0,1.0,2.0,7.0,0.015486725663716814,3.5,,2022.0
city30,2021,460.0,534.0,,,,62.0,,100208.0,2.0,,70.0,77.0,106.0,253.0,,,,,36720.0,19236.0,459.0,452.0,2020.0,2019.0,1.0,2.0,1.0,0.002178649237472767,4.0,,
city30,2022,,,,,,,,,,,,,,,,,,,39861.0,21372.0,460.0,459.0,2021.0,2020.0,1.0,2.0,,,,,
city31,2000,,,87.0,410.0,26.0,,,,,,,,,,,,,,,,,,,,,,,,,403.0,2002.0
city31,2001,396.0,381.0,,,,,414.0,9100.0,2.0,209.0,,,,,,,,,,,,,2000.0,,1.0,,,,,405.0,2003.0
city31,2002,403.0,381.0,,,,,422.0,10260.0,3.0,207.0,,,,,,,,,,,396.0,,2001.0,2000.0,1.0,2.0,7.0,0.017676767676767676,,406.0,2004.0
city31,2003,405.0,381.0,,,,,424.0,11168.0,3.0,210.0,,,,,,,,,,,403.0,396.0,2002.0,2001.0,1.0,2.0,2.0,0.004962779156327543,4.5,410.0,2005.0
city31,2004,406.0,382.0,,,,,426.0,12404.0,3.0,145.0,,,,,,,,,,,405.0,403.0,2003.0,2002.0,1.0,2.0,1.0,0.0024691358024691358,1.5,410.0,2006.0
city31,2005,410.0,386.0,,,,57.0,430.0,13736.0,3.0,183.0,,,,,,,,,,,406.0,405.0,2004.0,2003.0,1.0,2.0,4.0,0.009852216748768473,2.5,415.0,2007.0
city31,2006,410.0,386.0,,,,49.0,430.0,15028.0,3.0,189.0,,,,,,,,,,,410.0,406.0,2005.0,2004.0,1.0,2.0,0.0,0.0,2.0,421.0,2008.0
city31,2007,415.0,387.0,,,,49.0,431.0,16660.0,3.0,193.0,85.0,81.0,55.0,221.0,,,,,,,410.0,410.0,2006.0,2005.0,1.0,2.0,5.0,0.012195121951219513,2.5,428.0,2009.0
city31,2008,421.0,388.0,,,,49.0,432.0,19376.0,3.0,203.0,86.0,89.0,58.0,233.0,,,,,,,415.0,410.0,2007.0,2006.0,1.0,2.0,6.0,0.014457831325301205,5.5,437.0,2010.0
city31,2009,428.0,390.0,,,,50.0,449.0,21672.0,3.0,204.0,80.0,93.0,60.0,233.0,,,,,,,421.0,415.0,2008.0,2007.0,1.0,2.0,7.0,0.0166270783847981,6.5,445.0,2011.0
city31,2010,437.0,392.0,23.0,381.0,40.0,62.0,458.0,,2.0,210.0,82.0,91.0,60.0,233.0,,,,,,,428.0,421.0,2009.0,2008.0,1.0,2.0,9.0,0.02102803738317757,8.0,448.0,2012.0
city31,2011,445.0,392.0,,,,63.0,467.0,37492.0,2.0,207.0,78.0,106.0,66.0,250.0,,,15558.0,6411.0,,8586.0,437.0,428.0,2010.0,2009.0,1.0,2.0,8.0,0.018306636155606407,8.5,451.0,2013.0
city31,2012,448.0,394.0,,,,63.0,468.0,31908.0,2.0,209.0,77.0,110.0,66.0,253.0,,,17076.0,7608.0,,9993.0,445.0,437.0,2011.0,2010.0,1.0,2.0,3.0,0.006741573033707865,5.5,453.0,2014.0
city31,2013,451.0,392.0,,,,64.0,472.0,37984.0,2.0,209.0,76.0,105.0,67.0,248.0,,,18447.0,8355.0,,11343.0,448.0,445.0,2012.0,2011.0,1.0,2.0,3.0,0.006696428571428571,3.0,456.0,2015.0
city31,2014,453.0,393.0,,,,64.0,473.0,42848.0,2.0,210.0,79.0,100.0,66.0,245.0,,,19905.0,9396.0,,12684.0,451.0,448.0,2013.0,2012.0,1.0,2.0,2.0,0.004434589800443459,2.5,458.0,2016.0
city31,2015,456.0,393.0,,,,64.0,475.0,48164.0,2.0,212.0,81.0,96.0,66.0,243.0,20584.0,14256.0,16761.0,9189.0,,12744.0,453.0,451.0,2014.0,2013.0,1.0,2.0,3.0,0.006622516556291391,2.5,462.0,2017.0
city31,2016,458.0,391.0,,,,64.0,482.0,54104.0,2.0,211.0,79.0,96.0,68.0,243.0,22364.0,15609.0,18330.0,10323.0,,13815.0,456.0,453.0,2015.0,2014.0,1.0,2.0,2.0,0.0043859649122807015,2.5,465.0,2018.0
city31,2017,462.0,394.0,,,,64.0,486.0,61364.0,2.0,213.0,79.0,96.0,69.0,244.0,24424.0,17280.0,20457.0,11583.0,,15225.0,458.0,456.0,2016.0,2015.0,1.0,2.0,4.0,0.008733624454148471,3.0,470.0,2019.0
city31,2018,465.0,396.0,,,,65.0,489.0,,2.0,212.0,79.0,97.0,69.0,245.0,26848.0,19302.0,22905.0,12654.0,,16473.0,462.0,458.0,2017.0,2016.0,1.0,2.0,3.0,0.006493506493506494,3.5,475.0,2020.0
city31,2019,470.0,399.0,,,,66.0,495.0,,2.0,213.0,78.0,87.0,116.0,281.0,29544.0,19749.0,23235.0,13041.0,,18153.0,465.0,462.0,2018.0,2017.0,1.0,2.0,5.0,0.010752688172043012,4.0,480.0,2021.0
city31,2020,475.0,400.0,77.0,341.0,62.0,68.0,498.0,,2.0,265.0,78.0,87.0,108.0,273.0,32320.0,21645.0,25677.0,13641.0,,19872.0,470.0,465.0,2019.0,2018.0,1.0,2.0,5.0,0.010638297872340425,5.0,,2022.0
city31,2021,480.0,402.0,,,,68.0,504.0,,2.0,275.0,32.0,84.0,141.0,257.0,33664.0,21897.0,25476.0,14727.0,,21129.0,475.0,470.0,2020.0,2019.0,1.0,2.0,5.0,0.010526315789473684,5.0,,
city31,2022,,,,,,,507.0,,2.0,,,,,,37068.0,24192.0,27912.0,16422.0,,23376.0,480.0,475.0,2021.0,2020.0,1.0,2.0,,,,,
city32,2000,,,77.0,,33.0,,,,,,,,,,,,,,,,,,,,,,,,,,2002.0
city32,2001,,408.0,,,,,,9300.0,3.0,,,,,,,,,,,,,,2000.0,,1.0,,,,,,2003.0
city32,2002,,410.0,,,,,,10532.0,3.0,250.0,,,,,,,,,,,,,2001.0,2000.0,1.0,2.0,,,,,2004.0
city32,2003,,412.0,,,,44.0,,12020.0,4.0,244.0,,,,,,,,,,,,,2002.0,2001.0,1.0,2.0,,,,,2005.0
city32,2004,,413.0,,,,44.0,,13400.0,4.0,247.0,0.0,29.0,18.0,47.0,,,,,,,,,2003.0,2002.0,1.0,2.0,,,,442.0,2006.0
city32,2005,,415.0,,,,44.0,,15080.0,3.0,223.0,0.0,29.0,18.0,47.0,,,,,,,,,2004.0,2003.0,1.0,2.0,,,,446.0,2007.0
city32,2006,442.0,417.0,,,,44.0,745.0,17164.0,3.0,254.0,0.0,38.0,19.0,57.0,,,,,,,,,2005.0,2004.0,1.0,2.0,,,,448.0,2008.0
city32,2007,446.0,418.0,,,,44.0,751.0,19928.0,3.0,252.0,0.0,39.0,18.0,57.0,,,,,,,442.0,,2006.0,2005.0,1.0,2.0,4.0,0.00904977375565611,,451.0,2009.0
city32,2008,448.0,420.0,,,,44.0,755.0,23264.0,3.0,254.0,0.0,38.0,19.0,57.0,,,,,,,446.0,442.0,2007.0,2006.0,1.0,2.0,2.0,0.004484304932735426,3.0,451.0,2010.0
city32,2009,451.0,421.0,,,,43.0,759.0,26340.0,3.0,244.0,0.0,39.0,20.0,59.0,,,,,,,448.0,446.0,2008.0,2007.0,1.0,2.0,3.0,0.006696428571428571,2.5,453.0,2011.0
city32,2010,451.0,421.0,66.0,319.0,45.0,43.0,760.0,29948.0,3.0,243.0,0.0,40.0,21.0,61.0,,,,,,,451.0,448.0,2009.0,2008.0,1.0,2.0,0.0,0.0,1.5,456.0,2012.0
city32,2011,453.0,422.0,,,,47.0,760.0,33896.0,3.0,250.0,0.0,41.0,22.0,63.0,,,13722.0,,21783.0,,451.0,451.0,2010.0,2009.0,1.0,2.0,2.0,0.004434589800443459,1.0,458.0,2013.0
city32,2012,456.0,424.0,,,,47.0,764.0,37940.0,3.0,268.0,0.0,47.0,25.0,72.0,,,15993.0,,24954.0,,453.0,451.0,2011.0,2010.0,1.0,2.0,3.0,0.006622516556291391,2.5,459.0,2014.0
city32,2013,458.0,424.0,,,,65.0,768.0,41996.0,3.0,274.0,0.0,51.0,26.0,77.0,,,16917.0,,28188.0,,456.0,453.0,2012.0,2011.0,1.0,2.0,2.0,0.0043859649122807015,2.5,462.0,2015.0
city32,2014,459.0,425.0,,,,66.0,770.0,47180.0,3.0,316.0,0.0,65.0,28.0,93.0,,,18423.0,,30888.0,,458.0,456.0,2013.0,2012.0,1.0,2.0,1.0,0.002183406113537118,1.5,464.0,2016.0
city32,2015,462.0,428.0,,,,67.0,774.0,51140.0,3.0,319.0,0.0,63.0,29.0,92.0,,,19902.0,,33534.0,,459.0,458.0,2014.0,2013.0,1.0,2.0,3.0,0.006535947712418301,2.0,469.0,2017.0
city32,2016,464.0,430.0,,,,69.0,778.0,56780.0,3.0,321.0,0.0,59.0,29.0,88.0,,,22119.0,,33792.0,,462.0,459.0,2015.0,2014.0,1.0,2.0,2.0,0.004329004329004329,2.5,471.0,2018.0
city32,2017,469.0,432.0,,,,70.0,788.0,61928.0,3.0,321.0,0.0,55.0,29.0,84.0,,,23697.0,,36435.0,,464.0,462.0,2016.0,2015.0,1.0,2.0,5.0,0.010775862068965518,3.5,470.0,2019.0
city32,2018,471.0,433.0,,,,71.0,789.0,67000.0,3.0,292.0,0.0,52.0,29.0,81.0,,,25260.0,,39408.0,,469.0,464.0,2017.0,2016.0,1.0,2.0,2.0,0.0042643923240938165,3.5,470.0,2020.0
city32,2019,470.0,434.0,,,,72.0,788.0,71432.0,2.0,282.0,0.0,49.0,28.0,77.0,,,26973.0,,42276.0,,471.0,469.0,2018.0,2017.0,1.0,2.0,-1.0,-0.0021231422505307855,0.5,471.0,2021.0
city32,2020,470.0,435.0,70.0,291.0,78.0,74.0,787.0,78812.0,2.0,275.0,0.0,39.0,30.0,69.0,,,24537.0,,37542.0,,470.0,471.0,2019.0,2018.0,1.0,2.0,0.0,0.0,-0.5,,2022.0
city32,2021,471.0,434.0,,,,75.0,789.0,84756.0,2.0,227.0,,,,,,,29469.0,,46413.0,,470.0,470.0,2020.0,2019.0,1.0,2.0,1.0,0.002127659574468085,0.5,,
city32,2022,,,,,,75.0,789.0,,3.0,,,,,,,,31674.0,,50094.0,,471.0,470.0,2021.0,2020.0,1.0,2.0,,,,,
city33,2000,,,150.0,528.0,78.0,,,,,,,,,,,,,,,,,,,,,,,,,,2002.0
city33,2001,,,,,,,,12496.0,,,,,,,,,,,,,,,2000.0,,1.0,,,,,,2003.0
city33,2002,,,,,,,,15172.0,1.0,,,,,,,,,,,,,,2001.0,2000.0,1.0,2.0,,,,,2004.0
city33,2003,,,,,,,,17240.0,4.0,325.0,,,,,,,,,,,,,2002.0,2001.0,1.0,2.0,,,,,2005.0
city33,2004,,,,,,,,18912.0,3.0,444.0,125.0,143.0,177.0,445.0,,,,,,,,,2003.0,2002.0,1.0,2.0,,,,778.0,2006.0
city33,2005,,,,,,,,19576.0,3.0,448.0,103.0,192.0,153.0,448.0,,,,,,,,,2004.0,2003.0,1.0,2.0,,,,780.0,2007.0
city33,2006,778.0,750.0,,,,60.0,659.0,21684.0,2.0,488.0,102.0,193.0,193.0,488.0,,,,,,,,,2005.0,2004.0,1.0,2.0,,,,790.0,2008.0
city33,2007,780.0,756.0,,,,60.0,661.0,23020.0,3.0,508.0,82.0,236.0,191.0,509.0,,,,,,,778.0,,2006.0,2005.0,1.0,2.0,2.0,0.002570694087403599,,800.0,2009.0
city33,2008,790.0,765.0,,,,61.0,670.0,25992.0,2.0,517.0,92.0,241.0,184.0,517.0,,,,,,,780.0,778.0,2007.0,2006.0,1.0,2.0,10.0,0.01282051282051282,6.0,808.0,2010.0
city33,2009,800.0,772.0,,,,61.0,678.0,29592.0,3.0,537.0,81.0,261.0,195.0,537.0,,,,,,,790.0,780.0,2008.0,2007.0,1.0,2.0,10.0,0.012658227848101266,10.0,912.0,2011.0
city33,2010,808.0,779.0,131.0,681.0,101.0,66.0,684.0,33888.0,2.0,547.0,86.0,262.0,198.0,546.0,,,,,,,800.0,790.0,2009.0,2008.0,1.0,2.0,8.0,0.01,9.0,914.0,2012.0
city33,2011,912.0,787.0,,,,66.0,773.0,37604.0,2.0,559.0,75.0,273.0,210.0,558.0,,,,,,,808.0,800.0,2010.0,2009.0,1.0,2.0,104.0,0.12871287128712872,56.0,916.0,2013.0
city33,2012,914.0,798.0,,,,67.0,775.0,42344.0,2.0,576.0,73.0,229.0,274.0,576.0,,,,,,,912.0,808.0,2011.0,2010.0,1.0,2.0,2.0,0.0021929824561403508,53.0,920.0,2014.0
city33,2013,916.0,800.0,,,,67.0,769.0,48212.0,2.0,578.0,67.0,245.0,265.0,577.0,,,,,,,914.0,912.0,2012.0,2011.0,1.0,2.0,2.0,0.002188183807439825,2.0,907.0,2015.0
city33,2014,920.0,807.0,,,,67.0,779.0,54588.0,2.0,574.0,67.0,248.0,260.0,575.0,,,,,,30600.0,916.0,914.0,2013.0,2012.0,1.0,2.0,4.0,0.004366812227074236,3.0,912.0,2016.0
city33,2015,907.0,814.0,,,,68.0,749.0,59900.0,2.0,568.0,64.0,277.0,227.0,568.0,33476.0,22866.0,,,,33477.0,920.0,916.0,2014.0,2013.0,1.0,2.0,-13.0,-0.014130434782608696,-4.5,918.0,2017.0
city33,2016,912.0,811.0,,,,69.0,753.0,64412.0,2.0,574.0,64.0,284.0,227.0,575.0,36456.0,24798.0,,,,36459.0,907.0,920.0,2015.0,2014.0,1.0,2.0,5.0,0.005512679162072767,-4.0,922.0,2018.0
city33,2017,918.0,818.0,,,,70.0,758.0,70068.0,2.0,574.0,62.0,276.0,236.0,574.0,39600.0,26232.0,,,,39600.0,912.0,907.0,2016.0,2015.0,1.0,2.0,6.0,0.006578947368421052,5.5,925.0,2019.0
city33,2018,922.0,825.0,,,,70.0,762.0,75880.0,2.0,575.0,62.0,276.0,237.0,575.0,43184.0,28626.0,,,,43185.0,918.0,912.0,2017.0,2016.0,1.0,2.0,4.0,0.004357298474945534,5.0,930.0,2020.0
city33,2019,925.0,829.0,,,,71.0,764.0,82836.0,2.0,576.0,62.0,275.0,238.0,575.0,46920.0,31212.0,,,,46920.0,922.0,918.0,2018.0,2017.0,1.0,2.0,3.0,0.0032537960954446853,3.5,956.0,2021.0
city33,2020,930.0,832.0,146.0,653.0,158.0,72.0,769.0,90676.0,2.0,576.0,61.0,270.0,245.0,576.0,51488.0,34107.0,,,,51489.0,925.0,922.0,2019.0,2018.0,1.0,2.0,5.0,0.005405405405405406,4.0,,2022.0
city33,2021,956.0,834.0,,,,73.0,791.0,96772.0,2.0,418.0,,,,,54024.0,34281.0,,,,54024.0,930.0,925.0,2020.0,2019.0,1.0,2.0,26.0,0.02795698924731183,15.5,,
city33,2022,,,,,,74.0,797.0,,2.0,,,,,,59588.0,39900.0,,,,59586.0,956.0,930.0,2021.0,2020.0,1.0,2.0,,,,,
city34,2000,,,158.0,,,,,,,,,,,,,,,,,,,,,,,,,,,,2002.0
city34,2001,795.0,,,,,,531.0,7736.0,,,,,,,,,,,,,,,2000.0,,1.0,,,,,,2003.0
city34,2002,,,,,,,531.0,8608.0,,,,,,,,,,,,,795.0,,2001.0,2000.0,1.0,2.0,,,,,2004.0
city34,2003,,,,,,,531.0,9688.0,,,146.0,68.0,111.0,325.0,,,,,,,,795.0,2002.0,2001.0,1.0,2.0,,,,,2005.0
city34,2004,,,,,,,532.0,10616.0,,,131.0,80.0,112.0,323.0,,,,,,,,,2003.0,2002.0,1.0,2.0,,,,,2006.0
city34,2005,,,,,,,533.0,11948.0,,,118.0,87.0,113.0,318.0,,,,,,,,,2004.0,2003.0,1.0,2.0,,,,769.0,2007.0
city34,2006,,,,,,43.0,471.0,13648.0,,,116.0,88.0,114.0,318.0,,,,,,,,,2005.0,2004.0,1.0,2.0,,,,758.0,2008.0
city34,2007,769.0,805.0,,,,44.0,474.0,15688.0,,,115.0,89.0,115.0,319.0,,,,,,,,,2006.0,2005.0,1.0,2.0,,,,752.0,2009.0
city34,2008,758.0,810.0,,,,45.0,477.0,18848.0,,,116.0,95.0,119.0,330.0,,,,,,,769.0,,2007.0,2006.0,1.0,2.0,-11.0,-0.014304291287386216,,748.0,2010.0
city34,2009,752.0,812.0,,,,46.0,478.0,22380.0,,,124.0,101.0,111.0,336.0,,,,,,,758.0,769.0,2008.0,2007.0,1.0,2.0,-6.0,-0.0079155672823219,-8.5,726.0,2011.0
city34,2010,748.0,812.0,104.0,,,53.0,479.0,26672.0,,,114.0,105.0,123.0,342.0,,,,,,,752.0,758.0,2009.0,2008.0,1.0,2.0,-4.0,-0.005319148936170213,-5.0,724.0,2012.0
city34,2011,726.0,816.0,,,,54.0,481.0,30460.0,,,111.0,110.0,127.0,348.0,,,,,,,748.0,752.0,2010.0,2009.0,1.0,2.0,-22.0,-0.029411764705882353,-13.0,722.0,2013.0
city34,2012,724.0,821.0,,,,56.0,484.0,35496.0,,,107.0,117.0,133.0,357.0,,,,,,,726.0,748.0,2011.0,2010.0,1.0,2.0,-2.0,-0.0027548209366391185,-12.0,722.0,2014.0
city34,2013,722.0,822.0,,,,57.0,485.0,40356.0,,,140.0,143.0,165.0,448.0,,,,,,,724.0,726.0,2012.0,2011.0,1.0,2.0,-2.0,-0.0027624309392265192,-2.0,722.0,2015.0
city34,2014,722.0,824.0,,,,59.0,425.0,44268.0,,,133.0,147.0,167.0,447.0,,,,,,,722.0,724.0,2013.0,2012.0,1.0,2.0,0.0,0.0,-1.0,723.0,2016.0
city34,2015,722.0,829.0,,,,60.0,489.0,48140.0,,,126.0,151.0,168.0,445.0,,,,,,,722.0,722.0,2014.0,2013.0,1.0,2.0,0.0,0.0,0.0,724.0,2017.0
city34,2016,723.0,828.0,,,,62.0,489.0,53444.0,,,115.0,157.0,174.0,446.0,,,,,,,722.0,722.0,2015.0,2014.0,1.0,2.0,1.0,0.0013850415512465374,0.5,724.0,2018.0
city34,2017,724.0,831.0,,,,63.0,2230.0,58204.0,,,110.0,160.0,176.0,446.0,,,,,,,723.0,722.0,2016.0,2015.0,1.0,2.0,1.0,0.0013831258644536654,1.0,720.0,2019.0
city34,2018,724.0,826.0,,,,64.0,,64280.0,,,110.0,160.0,176.0,446.0,,,,,,,724.0,723.0,2017.0,2016.0,1.0,2.0,0.0,0.0,0.5,671.0,2020.0
city34,2019,720.0,825.0,,,,63.0,2206.0,71404.0,,,96.0,159.0,177.0,432.0,,,,,,,724.0,724.0,2018.0,2017.0,1.0,2.0,-4.0,-0.0055248618784530384,-2.0,671.0,2021.0
city34,2020,671.0,821.0,101.0,387.0,183.0,64.0,2306.0,84776.0,,,95.0,159.0,177.0,431.0,,,,,,,720.0,724.0,2019.0,2018.0,1.0,2.0,-49.0,-0.06805555555555555,-26.5,,
city34,2021,671.0,814.0,,,,65.0,,89724.0,,,85.0,153.0,180.0,418.0,,,,,,,671.0,720.0,2020.0,2019.0,1.0,2.0,0.0,0.0,-24.5,,
city35,2000,,,89.0,263.0,34.0,,,,,,,,,,,,,,,,,,,,,,,,,622.0,2002.0
city35,2001,603.0,695.0,,,,,487.0,7080.0,3.0,315.0,,,,,,,,,,,,,2000.0,,1.0,,,,,634.0,2003.0
city35,2002,622.0,701.0,,,,,499.0,9516.0,3.0,310.0,,,,,,,,,,,603.0,,2001.0,2000.0,1.0,2.0,19.0,0.03150912106135987,,645.0,2004.0
city35,2003,634.0,707.0,,,,,508.0,10516.0,3.0,316.0,,,,,,,,,,,622.0,603.0,2002.0,2001.0,1.0,2.0,12.0,0.01929260450160772,15.5,661.0,2005.0
city35,2004,645.0,714.0,,,,,517.0,12032.0,3.0,295.0,,,,,,,,,,,634.0,622.0,2003.0,2002.0,1.0,2.0,11.0,0.017350157728706624,11.5,669.0,2006.0
city35,2005,661.0,716.0,,,,40.0,530.0,13580.0,3.0,300.0,,,,,,,,,,,645.0,634.0,2004.0,2003.0,1.0,2.0,16.0,0.024806201550387597,13.5,686.0,2007.0
city35,2006,669.0,718.0,,,,39.0,536.0,15076.0,3.0,305.0,,,,,,,,,,,661.0,645.0,2005.0,2004.0,1.0,2.0,8.0,0.012102874432677761,12.0,688.0,2008.0
city35,2007,686.0,737.0,,,,39.0,537.0,16944.0,3.0,312.0,209.0,37.0,66.0,312.0,,,,,,,669.0,661.0,2006.0,2005.0,1.0,2.0,17.0,0.025411061285500747,12.5,691.0,2009.0
city35,2008,688.0,745.0,,,,39.0,546.0,19884.0,3.0,312.0,211.0,35.0,66.0,312.0,,,,,,,686.0,669.0,2007.0,2006.0,1.0,2.0,2.0,0.0029154518950437317,9.5,693.0,2010.0
city35,2009,691.0,754.0,,,,39.0,523.0,21808.0,3.0,313.0,206.0,39.0,68.0,313.0,,,,,,,688.0,686.0,2008.0,2007.0,1.0,2.0,3.0,0.00436046511627907,2.5,700.0,2011.0
city35,2010,693.0,763.0,55.0,582.0,62.0,37.0,524.0,23940.0,3.0,312.0,196.0,42.0,74.0,312.0,,,,,,,691.0,688.0,2009.0,2008.0,1.0,2.0,2.0,0.002894356005788712,2.5,707.0,2012.0
city35,2011,700.0,778.0,,,,37.0,530.0,26788.0,3.0,320.0,202.0,42.0,76.0,320.0,,,11823.0,4578.0,15303.0,6909.0,693.0,691.0,2010.0,2009.0,1.0,2.0,7.0,0.010101010101010102,4.5,711.0,2013.0
city35,2012,707.0,792.0,,,,38.0,535.0,29820.0,3.0,329.0,204.0,47.0,78.0,329.0,,,14055.0,5631.0,17583.0,8256.0,700.0,693.0,2011.0,2010.0,1.0,2.0,7.0,0.01,7.0,717.0,2014.0
city35,2013,711.0,785.0,,,,39.0,536.0,33960.0,3.0,332.0,203.0,48.0,81.0,332.0,,,15615.0,6909.0,20226.0,9561.0,707.0,700.0,2012.0,2011.0,1.0,2.0,4.0,0.005657708628005658,5.5,699.0,2015.0
city35,2014,717.0,804.0,,,,40.0,540.0,40532.0,2.0,336.0,202.0,51.0,83.0,336.0,,,17115.0,7905.0,22371.0,10689.0,711.0,707.0,2013.0,2012.0,1.0,2.0,6.0,0.008438818565400843,5.0,699.0,2016.0
city35,2015,699.0,819.0,,,,39.0,544.0,45452.0,2.0,341.0,205.0,51.0,85.0,341.0,15300.0,11436.0,15921.0,8517.0,21315.0,11379.0,717.0,711.0,2014.0,2013.0,1.0,2.0,-18.0,-0.02510460251046025,-6.0,698.0,2017.0
city35,2016,699.0,823.0,,,,39.0,527.0,50176.0,2.0,341.0,204.0,52.0,86.0,342.0,16628.0,12273.0,17091.0,9180.0,23127.0,12405.0,699.0,717.0,2015.0,2014.0,1.0,2.0,0.0,0.0,-9.0,698.0,2018.0
city35,2017,698.0,835.0,,,,40.0,527.0,55564.0,2.0,344.0,205.0,52.0,87.0,344.0,17932.0,13302.0,18414.0,9921.0,24885.0,13335.0,699.0,699.0,2016.0,2015.0,1.0,2.0,-1.0,-0.001430615164520744,-0.5,698.0,2019.0
city35,2018,698.0,839.0,,,,41.0,527.0,,2.0,345.0,205.0,52.0,87.0,344.0,19628.0,14511.0,20013.0,10731.0,27117.0,14481.0,698.0,699.0,2017.0,2016.0,1.0,2.0,0.0,0.0,-0.5,698.0,2020.0
city35,2019,698.0,848.0,,,,43.0,526.0,,2.0,344.0,196.0,52.0,147.0,395.0,21424.0,15300.0,20214.0,11730.0,29046.0,15888.0,698.0,698.0,2018.0,2017.0,1.0,2.0,0.0,0.0,0.0,698.0,2021.0
city35,2020,698.0,854.0,182.0,433.0,83.0,45.0,526.0,,2.0,336.0,193.0,53.0,145.0,391.0,23320.0,16311.0,21057.0,12729.0,31239.0,17340.0,698.0,698.0,2019.0,2018.0,1.0,2.0,0.0,0.0,0.0,,2022.0
city35,2021,698.0,860.0,,,,46.0,526.0,,2.0,321.0,97.0,75.0,149.0,321.0,24984.0,16557.0,21006.0,13071.0,32925.0,18756.0,698.0,698.0,2020.0,2019.0,1.0,2.0,0.0,0.0,0.0,,
city35,2022,,,,,,,530.0,,,,,,,,27644.0,18858.0,23268.0,15180.0,35988.0,20691.0,698.0,698.0,2021.0,2020.0,1.0,2.0,,,,,
city36,2000,,,89.0,,25.0,,,,,,,,,,,,,,,,,,,,,,,,,,2002.0
city36,2001,,358.0,,,,,,6872.0,2.0,,,,,,,,,,,,,,2000.0,,1.0,,,,,,2003.0
city36,2002,,360.0,,,,,,7668.0,3.0,202.0,,,,,,,,,,,,,2001.0,2000.0,1.0,2.0,,,,,2004.0
city36,2003,,362.0,,,,32.0,,9188.0,3.0,207.0,,,,,,,,,,,,,2002.0,2001.0,1.0,2.0,,,,,2005.0
city36,2004,,364.0,,,,33.0,,10508.0,4.0,212.0,1.0,16.0,15.0,32.0,,,,,,,,,2003.0,2002.0,1.0,2.0,,,,360.0,2006.0
city36,2005,,365.0,,,,46.0,,12868.0,4.0,204.0,1.0,16.0,16.0,33.0,,,,,,,,,2004.0,2003.0,1.0,2.0,,,,362.0,2007.0
city36,2006,360.0,367.0,,,,47.0,791.0,14832.0,3.0,226.0,0.0,20.0,15.0,35.0,,,,,,,,,2005.0,2004.0,1.0,2.0,,,,364.0,2008.0
city36,2007,362.0,372.0,,,,47.0,796.0,16832.0,3.0,229.0,0.0,20.0,15.0,35.0,,,,,,,360.0,,2006.0,2005.0,1.0,2.0,2.0,0.005555555555555556,,365.0,2009.0
city36,2008,364.0,380.0,,,,48.0,800.0,21112.0,3.0,234.0,0.0,19.0,15.0,34.0,,,,,,,362.0,360.0,2007.0,2006.0,1.0,2.0,2.0,0.0055248618784530384,2.0,367.0,2010.0
city36,2009,365.0,383.0,,,,48.0,802.0,24680.0,3.0,218.0,0.0,19.0,16.0,35.0,,,,,,,364.0,362.0,2008.0,2007.0,1.0,2.0,1.0,0.0027472527472527475,1.5,373.0,2011.0
city36,2010,367.0,387.0,61.0,262.0,35.0,47.0,806.0,26984.0,3.0,225.0,0.0,18.0,16.0,34.0,,,,,,,365.0,364.0,2009.0,2008.0,1.0,2.0,2.0,0.005479452054794521,1.5,375.0,2012.0
city36,2011,373.0,391.0,,,,48.0,818.0,30440.0,3.0,232.0,0.0,19.0,17.0,36.0,,,11409.0,,17628.0,,367.0,365.0,2010.0,2009.0,1.0,2.0,6.0,0.01634877384196185,4.0,377.0,2013.0
city36,2012,375.0,394.0,,,,49.0,822.0,34976.0,3.0,239.0,0.0,23.0,15.0,38.0,,,13461.0,,20193.0,,373.0,367.0,2011.0,2010.0,1.0,2.0,2.0,0.005361930294906166,4.0,380.0,2014.0
city36,2013,377.0,395.0,,,,50.0,827.0,38988.0,2.0,244.0,0.0,25.0,16.0,41.0,,,14916.0,,22959.0,,375.0,373.0,2012.0,2011.0,1.0,2.0,2.0,0.005333333333333333,2.0,383.0,2015.0
city36,2014,380.0,396.0,,,,51.0,833.0,42496.0,2.0,291.0,0.0,32.0,19.0,51.0,,,16200.0,,25236.0,,377.0,375.0,2013.0,2012.0,1.0,2.0,3.0,0.007957559681697613,2.5,388.0,2016.0
city36,2015,383.0,401.0,,,,53.0,840.0,47188.0,2.0,294.0,0.0,29.0,19.0,48.0,,,17586.0,,27594.0,,380.0,377.0,2014.0,2013.0,1.0,2.0,3.0,0.007894736842105263,3.0,392.0,2017.0
city36,2016,388.0,408.0,,,,55.0,850.0,49672.0,2.0,295.0,0.0,28.0,19.0,47.0,,,14742.0,,25791.0,,383.0,380.0,2015.0,2014.0,1.0,2.0,5.0,0.013054830287206266,4.0,392.0,2018.0
city36,2017,392.0,413.0,,,,57.0,858.0,53792.0,2.0,296.0,0.0,26.0,19.0,45.0,,,15930.0,,27705.0,,388.0,383.0,2016.0,2015.0,1.0,2.0,4.0,0.010309278350515464,4.5,393.0,2019.0
city36,2018,392.0,418.0,,,,59.0,859.0,58352.0,2.0,296.0,0.0,24.0,19.0,43.0,,,17247.0,,29922.0,,392.0,388.0,2017.0,2016.0,1.0,2.0,0.0,0.0,2.0,393.0,2020.0
city36,2019,393.0,423.0,,,,59.0,861.0,63408.0,3.0,250.0,0.0,19.0,18.0,37.0,,,18546.0,,32001.0,,392.0,392.0,2018.0,2017.0,1.0,2.0,1.0,0.002551020408163265,0.5,386.0,2021.0
city36,2020,393.0,425.0,87.0,227.0,53.0,59.0,862.0,70788.0,2.0,238.0,0.0,16.0,19.0,35.0,,,15822.0,,26289.0,,393.0,392.0,2019.0,2018.0,1.0,2.0,0.0,0.0,0.5,,2022.0
city36,2021,386.0,426.0,,,,60.0,845.0,75428.0,2.0,197.0,,,,,,,20370.0,,35097.0,,393.0,393.0,2020.0,2019.0,1.0,2.0,-7.0,-0.017811704834605598,-3.5,,
city36,2022,,,,,,61.0,844.0,,2.0,,,,,,,,22029.0,,37842.0,,386.0,393.0,2021.0,2020.0,1.0,2.0,,,,,
city37,2000,,,81.0,,,,,,,,,,,,,,,,,,,,,,,,,,,,2002.0
city37,2001,459.0,,,,,,679.0,9732.0,,,,,,,,,,,,,,,2000.0,,1.0,,,,,,2003.0
city37,2002,,,,,,,680.0,10760.0,,,,,,,,,,,,,459.0,,2001.0,2000.0,1.0,2.0,,,,,2004.0
city37,2003,,,,,,,682.0,12004.0,5.0,,65.0,79.0,75.0,219.0,,,,,,,,459.0,2002.0,2001.0,1.0,2.0,,,,,2005.0
city37,2004,,,,,,,684.0,13800.0,5.0,,58.0,90.0,76.0,224.0,,,,,,,,,2003.0,2002.0,1.0,2.0,,,,,2006.0
city37,2005,,,,,,,685.0,15732.0,4.0,,53.0,97.0,78.0,228.0,,,,,,,,,2004.0,2003.0,1.0,2.0,,,,446.0,2007.0
city37,2006,,,,,,49.0,688.0,18160.0,4.0,,50.0,105.0,81.0,236.0,,,,,,,,,2005.0,2004.0,1.0,2.0,,,,446.0,2008.0
city37,2007,446.0,459.0,,,,50.0,691.0,20844.0,3.0,,47.0,112.0,84.0,243.0,,,,,,,,,2006.0,2005.0,1.0,2.0,,,,447.0,2009.0
city37,2008,446.0,459.0,,,,51.0,692.0,24284.0,3.0,,45.0,128.0,86.0,259.0,,,,,,,446.0,,2007.0,2006.0,1.0,2.0,0.0,0.0,,450.0,2010.0
city37,2009,447.0,460.0,,,,53.0,693.0,27320.0,3.0,,43.0,136.0,94.0,273.0,,,,,,,446.0,446.0,2008.0,2007.0,1.0,2.0,1.0,0.002242152466367713,0.5,446.0,2011.0
city37,2010,450.0,459.0,53.0,309.0,85.0,57.0,692.0,30604.0,3.0,,40.0,145.0,101.0,286.0,,,,,,,447.0,446.0,2009.0,2008.0,1.0,2.0,3.0,0.006711409395973154,2.0,446.0,2012.0
city37,2011,446.0,459.0,,,,58.0,697.0,35432.0,2.0,,39.0,152.0,107.0,298.0,,,,,,,450.0,447.0,2010.0,2009.0,1.0,2.0,-4.0,-0.008888888888888889,-0.5,447.0,2013.0
city37,2012,446.0,460.0,,,,59.0,698.0,40284.0,2.0,,35.0,156.0,112.0,303.0,,,,,,,446.0,450.0,2011.0,2010.0,1.0,2.0,0.0,0.0,-2.0,447.0,2014.0
city37,2013,447.0,458.0,,,,60.0,696.0,47796.0,2.0,,53.0,121.0,92.0,266.0,,,,,,,446.0,446.0,2012.0,2011.0,1.0,2.0,1.0,0.002242152466367713,0.5,448.0,2015.0
city37,2014,447.0,460.0,,,,61.0,643.0,52656.0,2.0,,52.0,121.0,93.0,266.0,,,,,,,447.0,446.0,2013.0,2012.0,1.0,2.0,0.0,0.0,0.5,448.0,2016.0
city37,2015,448.0,461.0,,,,63.0,700.0,57140.0,2.0,,51.0,118.0,97.0,266.0,,,,,,,447.0,447.0,2014.0,2013.0,1.0,2.0,1.0,0.0022371364653243847,0.5,449.0,2017.0
city37,2016,448.0,461.0,,,,64.0,699.0,63888.0,2.0,,48.0,118.0,98.0,264.0,,,,,,,448.0,447.0,2015.0,2014.0,1.0,2.0,0.0,0.0,0.5,451.0,2018.0
city37,2017,449.0,462.0,,,,66.0,2808.0,67608.0,2.0,,46.0,116.0,101.0,263.0,,,,,,,448.0,448.0,2016.0,2015.0,1.0,2.0,1.0,0.002232142857142857,0.5,453.0,2019.0
city37,2018,451.0,460.0,,,,67.0,,71660.0,2.0,,46.0,116.0,101.0,263.0,,,,,,,449.0,448.0,2017.0,2016.0,1.0,2.0,2.0,0.004454342984409799,1.5,455.0,2020.0
city37,2019,453.0,459.0,,,,69.0,2936.0,75996.0,2.0,,39.0,120.0,107.0,266.0,,,,,,,451.0,449.0,2018.0,2017.0,1.0,2.0,2.0,0.004434589800443459,2.0,456.0,2021.0
city37,2020,455.0,457.0,53.0,285.0,119.0,71.0,2960.0,81836.0,2.0,,37.0,115.0,116.0,268.0,,,,,,,453.0,451.0,2019.0,2018.0,1.0,2.0,2.0,0.004415011037527594,2.0,,2022.0
city37,2021,456.0,455.0,,,,71.0,,87872.0,,,41.0,103.0,128.0,272.0,,,,,,,455.0,453.0,2020.0,2019.0,1.0,2.0,1.0,0.002197802197802198,1.5,,
city37,2022,,,,,,,,,3.0,,,,,,,,,,,,456.0,455.0,2021.0,2020.0,1.0,2.0,,,,,
city38,2000,,,189.0,279.0,40.0,,,,,,,,,,,,,,,,,,,,,,,,,347.0,2002.0
city38,2001,338.0,387.0,,,,,227.0,8988.0,3.0,203.0,,,,,,,,,,,,,2000.0,,1.0,,,,,352.0,2003.0
city38,2002,347.0,389.0,,,,,234.0,9668.0,3.0,204.0,,,,,,,,,,,338.0,,2001.0,2000.0,1.0,2.0,9.0,0.026627218934911243,,357.0,2004.0
city38,2003,352.0,391.0,,,,,237.0,11184.0,3.0,204.0,,,,,,,,,,,347.0,338.0,2002.0,2001.0,1.0,2.0,5.0,0.01440922190201729,7.0,364.0,2005.0
city38,2004,357.0,393.0,,,,,240.0,13068.0,3.0,194.0,,,,,,,,,,,352.0,347.0,2003.0,2002.0,1.0,2.0,5.0,0.014204545454545454,5.0,368.0,2006.0
city38,2005,364.0,394.0,,,,39.0,245.0,14912.0,3.0,201.0,,,,,,,,,,,357.0,352.0,2004.0,2003.0,1.0,2.0,7.0,0.0196078431372549,6.0,376.0,2007.0
city38,2006,368.0,396.0,,,,45.0,247.0,16860.0,3.0,215.0,,,,,,,,,,,364.0,357.0,2005.0,2004.0,1.0,2.0,4.0,0.01098901098901099,5.5,378.0,2008.0
city38,2007,376.0,405.0,,,,45.0,249.0,18412.0,3.0,217.0,107.0,55.0,55.0,217.0,,,,,,,368.0,364.0,2006.0,2005.0,1.0,2.0,8.0,0.021739130434782608,6.0,381.0,2009.0
city38,2008,378.0,408.0,,,,45.0,253.0,20832.0,3.0,220.0,108.0,56.0,57.0,221.0,,,,,,,376.0,368.0,2007.0,2006.0,1.0,2.0,2.0,0.005319148936170213,5.0,384.0,2010.0
city38,2009,381.0,410.0,,,,45.0,257.0,23384.0,3.0,238.0,116.0,60.0,63.0,239.0,,,,,,,378.0,376.0,2008.0,2007.0,1.0,2.0,3.0,0.007936507936507936,2.5,392.0,2011.0
city38,2010,384.0,414.0,31.0,326.0,36.0,42.0,259.0,26316.0,2.0,236.0,115.0,58.0,63.0,236.0,,,,,,,381.0,378.0,2009.0,2008.0,1.0,2.0,3.0,0.007874015748031496,3.0,394.0,2012.0
city38,2011,392.0,422.0,,,,42.0,265.0,30112.0,2.0,213.0,119.0,49.0,45.0,213.0,,,12162.0,5079.0,16830.0,7524.0,384.0,381.0,2010.0,2009.0,1.0,2.0,8.0,0.020833333333333332,5.5,396.0,2013.0
city38,2012,394.0,427.0,,,,43.0,267.0,34112.0,3.0,215.0,117.0,52.0,46.0,215.0,,,14019.0,6159.0,19038.0,9012.0,392.0,384.0,2011.0,2010.0,1.0,2.0,2.0,0.00510204081632653,5.0,399.0,2014.0
city38,2013,396.0,428.0,,,,44.0,267.0,39152.0,2.0,216.0,116.0,52.0,47.0,215.0,,,15726.0,6429.0,21753.0,10365.0,394.0,392.0,2012.0,2011.0,1.0,2.0,2.0,0.005076142131979695,2.0,399.0,2015.0
city38,2014,399.0,430.0,,,,44.0,270.0,44656.0,2.0,216.0,116.0,52.0,48.0,216.0,,,17160.0,7500.0,23928.0,11661.0,396.0,394.0,2013.0,2012.0,1.0,2.0,3.0,0.007575757575757576,2.5,400.0,2016.0
city38,2015,399.0,434.0,,,,44.0,271.0,49048.0,2.0,218.0,114.0,54.0,50.0,218.0,17332.0,11490.0,15213.0,7995.0,21723.0,12642.0,399.0,396.0,2014.0,2013.0,1.0,2.0,0.0,0.0,1.5,402.0,2017.0
city38,2016,400.0,438.0,,,,45.0,269.0,54468.0,2.0,218.0,112.0,55.0,51.0,218.0,18988.0,12552.0,16359.0,8934.0,23745.0,13980.0,399.0,399.0,2015.0,2014.0,1.0,2.0,1.0,0.002506265664160401,0.5,404.0,2018.0
city38,2017,402.0,444.0,,,,45.0,270.0,59588.0,2.0,220.0,106.0,57.0,57.0,220.0,20576.0,13926.0,17880.0,9975.0,25905.0,15114.0,400.0,399.0,2016.0,2015.0,1.0,2.0,2.0,0.005,1.5,407.0,2019.0
city38,2018,404.0,446.0,,,,47.0,271.0,,2.0,221.0,107.0,57.0,58.0,222.0,22360.0,14865.0,18945.0,10923.0,28275.0,16428.0,402.0,400.0,2017.0,2016.0,1.0,2.0,2.0,0.004975124378109453,2.0,409.0,2020.0
city38,2019,407.0,450.0,,,,49.0,273.0,,2.0,225.0,105.0,48.0,83.0,236.0,24068.0,15504.0,19983.0,11358.0,30678.0,17694.0,404.0,402.0,2018.0,2017.0,1.0,2.0,3.0,0.007425742574257425,2.5,412.0,2021.0
city38,2020,409.0,454.0,91.0,272.0,49.0,51.0,275.0,,2.0,203.0,104.0,49.0,78.0,231.0,26120.0,17019.0,21684.0,12510.0,33258.0,19215.0,407.0,404.0,2019.0,2018.0,1.0,2.0,2.0,0.004914004914004914,2.5,,2022.0
city38,2021,412.0,455.0,,,,52.0,276.0,,2.0,201.0,51.0,46.0,104.0,201.0,27496.0,16776.0,20988.0,12789.0,34752.0,20625.0,409.0,407.0,2020.0,2019.0,1.0,2.0,3.0,0.007334963325183374,2.5,,
city38,2022,,,,,,,277.0,,3.0,,,,,,30392.0,19092.0,23028.0,14997.0,37791.0,22686.0,412.0,409.0,2021.0,2020.0,1.0,2.0,,,,,
city39,2000,,,36.0,,11.0,,,,,,,,,,,,,,,,,,,,,,,,,,2002.0
city39,2001,,172.0,,,,,,15328.0,2.0,,,,,,,,,,,,,,2000.0,,1.0,,,,,,2003.0
city39,2002,,174.0,,,,,,17684.0,2.0,105.0,,,,,,,,,,,,,2001.0,2000.0,1.0,2.0,,,,,2004.0
city39,2003,,175.0,,,,32.0,,19172.0,2.0,106.0,,,,,,,,,,,,,2002.0,2001.0,1.0,2.0,,,,,2005.0
city39,2004,,177.0,,,,33.0,,21180.0,2.0,107.0,0.0,22.0,9.0,31.0,,,,,,,,,2003.0,2002.0,1.0,2.0,,,,195.0,2006.0
city39,2005,,179.0,,,,43.0,,24264.0,2.0,100.0,0.0,21.0,10.0,31.0,,,,,,,,,2004.0,2003.0,1.0,2.0,,,,197.0,2007.0
city39,2006,195.0,181.0,,,,43.0,246.0,26004.0,2.0,110.0,0.0,22.0,12.0,34.0,,,,,,,,,2005.0,2004.0,1.0,2.0,,,,199.0,2008.0
city39,2007,197.0,182.0,,,,42.0,249.0,27608.0,2.0,111.0,0.0,22.0,13.0,35.0,,,,,,,195.0,,2006.0,2005.0,1.0,2.0,2.0,0.010256410256410256,,200.0,2009.0
city39,2008,199.0,183.0,,,,42.0,251.0,30132.0,2.0,111.0,0.0,22.0,14.0,36.0,,,,,,,197.0,195.0,2007.0,2006.0,1.0,2.0,2.0,0.01015228426395939,2.0,202.0,2010.0
city39,2009,200.0,184.0,,,,43.0,253.0,33672.0,2.0,107.0,1.0,22.0,15.0,38.0,,,,,,,199.0,197.0,2008.0,2007.0,1.0,2.0,1.0,0.005025125628140704,1.5,204.0,2011.0
city39,2010,202.0,185.0,32.0,142.0,18.0,44.0,255.0,36920.0,2.0,110.0,1.0,22.0,16.0,39.0,,,,,,,200.0,199.0,2009.0,2008.0,1.0,2.0,2.0,0.01,1.5,206.0,2012.0
city39,2011,204.0,185.0,,,,44.0,257.0,41196.0,2.0,116.0,1.0,23.0,17.0,41.0,,,14742.0,,23793.0,,202.0,200.0,2010.0,2009.0,1.0,2.0,2.0,0.009900990099009901,2.0,207.0,2013.0
city39,2012,206.0,186.0,,,,43.0,259.0,45608.0,2.0,126.0,1.0,29.0,16.0,46.0,,,17529.0,,27342.0,,204.0,202.0,2011.0,2010.0,1.0,2.0,2.0,0.00980392156862745,2.0,208.0,2014.0
city39,2013,207.0,186.0,,,,63.0,262.0,50192.0,2.0,129.0,0.0,29.0,17.0,46.0,,,18000.0,,30951.0,,206.0,204.0,2012.0,2011.0,1.0,2.0,1.0,0.0048543689320388345,1.5,210.0,2015.0
city39,2014,208.0,187.0,,,,64.0,263.0,56812.0,2.0,148.0,0.0,32.0,17.0,49.0,,,19566.0,,33981.0,,207.0,206.0,2013.0,2012.0,1.0,2.0,1.0,0.004830917874396135,1.0,211.0,2016.0
city39,2015,210.0,189.0,,,,66.0,265.0,60772.0,2.0,150.0,0.0,31.0,17.0,48.0,,,21924.0,,36939.0,,208.0,207.0,2014.0,2013.0,1.0,2.0,2.0,0.009615384615384616,1.5,213.0,2017.0
city39,2016,211.0,191.0,,,,67.0,266.0,67464.0,2.0,151.0,0.0,27.0,17.0,44.0,,,23139.0,,38733.0,,210.0,208.0,2015.0,2014.0,1.0,2.0,1.0,0.004761904761904762,1.5,215.0,2018.0
city39,2017,213.0,193.0,,,,68.0,268.0,73128.0,2.0,151.0,0.0,26.0,17.0,43.0,,,24876.0,,41577.0,,211.0,210.0,2016.0,2015.0,1.0,2.0,2.0,0.009478672985781991,1.5,217.0,2019.0
city39,2018,215.0,195.0,,,,69.0,271.0,76936.0,3.0,143.0,0.0,23.0,17.0,40.0,,,26871.0,,44763.0,,213.0,211.0,2017.0,2016.0,1.0,2.0,2.0,0.009389671361502348,2.0,218.0,2020.0
city39,2019,217.0,197.0,,,,69.0,264.0,89500.0,3.0,133.0,0.0,21.0,16.0,37.0,,,28899.0,,47910.0,,215.0,213.0,2018.0,2017.0,1.0,2.0,2.0,0.009302325581395349,2.0,219.0,2021.0
city39,2020,218.0,198.0,38.0,137.0,34.0,71.0,264.0,100224.0,3.0,130.0,0.0,20.0,18.0,38.0,,,25359.0,,40602.0,,217.0,215.0,2019.0,2018.0,1.0,2.0,1.0,0.004608294930875576,1.5,,2022.0
city39,2021,219.0,198.0,,,,72.0,266.0,107268.0,3.0,124.0,,,,,,,31284.0,,52683.0,,218.0,217.0,2020.0,2019.0,1.0,2.0,1.0,0.0045871559633027525,1.0,,
city39,2022,,,,,,72.0,,,2.0,,,,,,,,33525.0,,56625.0,,219.0,218.0,2021.0,2020.0,1.0,2.0,,,,,
city4,2000,,,15.0,72.0,13.0,,,,,,,,,,,,,,,,,,,,,,,,,,2002.0
city4,2001,,,,,,,,11504.0,4.0,,,,,,,,,,,,,,2000.0,,1.0,,,,,,2003.0
city4,2002,,,,,,,,14732.0,4.0,,,,,,,,,,,,,,2001.0,2000.0,1.0,2.0,,,,,2004.0
city4,2003,,,,,,,,16688.0,4.0,55.0,19.0,18.0,17.0,54.0,,,,,,,,,2002.0,2001.0,1.0,2.0,,,,,2005.0
city4,2004,,,,,,,,18776.0,4.0,56.0,16.0,19.0,21.0,56.0,,,,,,,,,2003.0,2002.0,1.0,2.0,,,,103.0,2006.0
city4,2005,,,,,,,732.0,22248.0,4.0,56.0,14.0,20.0,22.0,56.0,,,,,,,,,2004.0,2003.0,1.0,2.0,,,,103.0,2007.0
city4,2006,103.0,97.0,,,,,734.0,25368.0,4.0,56.0,13.0,21.0,22.0,56.0,,,,,,,,,2005.0,2004.0,1.0,2.0,,,,104.0,2008.0
city4,2007,103.0,97.0,,,,61.0,739.0,28440.0,4.0,58.0,12.0,21.0,25.0,58.0,,,,,,,103.0,,2006.0,2005.0,1.0,2.0,0.0,0.0,,105.0,2009.0
city4,2008,104.0,97.0,,,,61.0,753.0,33424.0,4.0,63.0,11.0,27.0,26.0,64.0,,,,,,,103.0,103.0,2007.0,2006.0,1.0,2.0,1.0,0.009708737864077669,0.5,106.0,2010.0
city4,2009,105.0,97.0,,,,62.0,759.0,38700.0,4.0,66.0,11.0,28.0,27.0,66.0,,,,,,,104.0,103.0,2008.0,2007.0,1.0,2.0,1.0,0.009615384615384616,1.0,112.0,2011.0
city4,2010,106.0,97.0,11.0,83.0,18.0,62.0,801.0,40568.0,3.0,67.0,11.0,26.0,29.0,66.0,,,,,,,105.0,104.0,2009.0,2008.0,1.0,2.0,1.0,0.009523809523809525,1.0,114.0,2012.0
city4,2011,112.0,97.0,,,,64.0,812.0,43632.0,3.0,69.0,11.0,26.0,32.0,69.0,,,,,,,106.0,105.0,2010.0,2009.0,1.0,2.0,6.0,0.05660377358490566,3.5,114.0,2013.0
city4,2012,114.0,97.0,,,,64.0,760.0,52904.0,3.0,73.0,10.0,25.0,37.0,72.0,,,,,,,112.0,106.0,2011.0,2010.0,1.0,2.0,2.0,0.017857142857142856,4.0,114.0,2014.0
city4,2013,114.0,97.0,,,,65.0,761.0,57280.0,3.0,73.0,11.0,31.0,31.0,73.0,,,,14608.0,37795.0,21400.0,114.0,112.0,2012.0,2011.0,1.0,2.0,0.0,0.0,1.0,115.0,2015.0
city4,2014,114.0,97.0,,,,66.0,764.0,61680.0,3.0,74.0,10.0,30.0,34.0,74.0,,,25388.0,16216.0,41465.0,23780.0,114.0,114.0,2013.0,2012.0,1.0,2.0,0.0,0.0,0.0,115.0,2016.0
city4,2015,115.0,97.0,,,,66.0,768.0,68964.0,3.0,75.0,11.0,30.0,34.0,75.0,35328.0,23784.0,27804.0,17612.0,44845.0,25900.0,114.0,114.0,2014.0,2013.0,1.0,2.0,1.0,0.008771929824561403,0.5,116.0,2017.0
city4,2016,115.0,97.0,,,,67.0,772.0,74716.0,3.0,75.0,11.0,30.0,34.0,75.0,38252.0,25772.0,30128.0,19468.0,48420.0,28308.0,115.0,114.0,2015.0,2014.0,1.0,2.0,0.0,0.0,0.5,117.0,2018.0
city4,2017,116.0,97.0,,,,68.0,779.0,80308.0,3.0,75.0,11.0,29.0,35.0,75.0,41564.0,26908.0,30760.0,20472.0,52515.0,30788.0,115.0,115.0,2016.0,2015.0,1.0,2.0,1.0,0.008695652173913044,0.5,117.0,2019.0
city4,2018,117.0,97.0,,,,68.0,782.0,93016.0,2.0,75.0,11.0,29.0,35.0,75.0,45192.0,28256.0,32216.0,22004.0,56620.0,33812.0,116.0,115.0,2017.0,2016.0,1.0,2.0,1.0,0.008620689655172414,1.0,118.0,2020.0
city4,2019,117.0,97.0,,,,68.0,784.0,98392.0,2.0,76.0,11.0,29.0,36.0,76.0,49216.0,29988.0,33824.0,23888.0,61475.0,36784.0,117.0,116.0,2018.0,2017.0,1.0,2.0,0.0,0.0,0.5,116.0,2021.0
city4,2020,118.0,97.0,11.0,76.0,29.0,69.0,772.0,106440.0,2.0,,,,,,53568.0,32344.0,36332.0,23912.0,63700.0,39096.0,117.0,117.0,2019.0,2018.0,1.0,2.0,1.0,0.008547008547008548,0.5,,2022.0
city4,2021,116.0,96.0,,,,72.0,777.0,108492.0,2.0,73.0,8.0,32.0,33.0,73.0,55828.0,32456.0,36476.0,27828.0,69100.0,42944.0,118.0,117.0,2020.0,2019.0,1.0,2.0,-2.0,-0.01694915254237288,-0.5,,
city4,2022,,,,,,72.0,780.0,,1.0,,,,,,60846.0,37560.0,42044.0,29724.0,71965.0,45924.0,116.0,118.0,2021.0,2020.0,1.0,2.0,,,,,
city40,2000,,,48.0,,,,,,,,,,,,,,,,,,,,,,,,,,,,2002.0
city40,2001,,,,,,,694.0,10276.0,3.0,,,,,,,,,,,,,,2000.0,,1.0,,,,,,2003.0
city40,2002,,,,,,,694.0,11740.0,4.0,,,,,,,,,,,,,,2001.0,2000.0,1.0,2.0,,,,,2004.0
city40,2003,,,,,,,694.0,13192.0,,,44.0,55.0,42.0,141.0,,,,,,,,,2002.0,2001.0,1.0,2.0,,,,,2005.0
city40,2004,,,,,,,695.0,15260.0,4.0,,39.0,60.0,41.0,140.0,,,,,,,,,2003.0,2002.0,1.0,2.0,,,,,2006.0
city40,2005,,,,,,,695.0,17380.0,4.0,,37.0,63.0,45.0,145.0,,,,,,,,,2004.0,2003.0,1.0,2.0,,,,300.0,2007.0
city40,2006,,,,,,59.0,696.0,19888.0,4.0,,35.0,68.0,45.0,148.0,,,,,,,,,2005.0,2004.0,1.0,2.0,,,,302.0,2008.0
city40,2007,300.0,269.0,,,,60.0,699.0,22920.0,3.0,,33.0,75.0,46.0,154.0,,,,,,,,,2006.0,2005.0,1.0,2.0,,,,304.0,2009.0
city40,2008,302.0,269.0,,,,60.0,699.0,27024.0,3.0,,30.0,81.0,46.0,157.0,,,,,,,300.0,,2007.0,2006.0,1.0,2.0,2.0,0.006666666666666667,,307.0,2010.0
city40,2009,304.0,269.0,,,,60.0,699.0,30956.0,3.0,,32.0,84.0,49.0,165.0,,,,,,,302.0,300.0,2008.0,2007.0,1.0,2.0,2.0,0.006622516556291391,2.0,311.0,2011.0
city40,2010,307.0,270.0,32.0,229.0,51.0,62.0,702.0,34204.0,3.0,,32.0,88.0,54.0,174.0,,,,,,,304.0,302.0,2009.0,2008.0,1.0,2.0,3.0,0.009868421052631578,2.5,313.0,2012.0
city40,2011,311.0,271.0,,,,63.0,704.0,37672.0,3.0,,34.0,90.0,58.0,182.0,,,,,,,307.0,304.0,2010.0,2009.0,1.0,2.0,4.0,0.013029315960912053,3.5,315.0,2013.0
city40,2012,313.0,272.0,,,,64.0,707.0,42660.0,,,26.0,96.0,69.0,191.0,,,,,,,311.0,307.0,2011.0,2010.0,1.0,2.0,2.0,0.006430868167202572,3.0,317.0,2014.0
city40,2013,315.0,271.0,,,,65.0,705.0,47624.0,2.0,,24.0,92.0,76.0,192.0,,,,,,,313.0,311.0,2012.0,2011.0,1.0,2.0,2.0,0.006389776357827476,2.0,317.0,2015.0
city40,2014,317.0,272.0,,,,67.0,823.0,54748.0,2.0,,24.0,91.0,77.0,192.0,,,,,,,315.0,313.0,2013.0,2012.0,1.0,2.0,2.0,0.006349206349206349,2.0,318.0,2016.0
city40,2015,317.0,272.0,,,,68.0,709.0,58640.0,2.0,,24.0,90.0,79.0,193.0,,,,,,,317.0,315.0,2014.0,2013.0,1.0,2.0,0.0,0.0,1.0,318.0,2017.0
city40,2016,318.0,272.0,,,,69.0,708.0,63364.0,2.0,,23.0,89.0,81.0,193.0,,,,,,,317.0,317.0,2015.0,2014.0,1.0,2.0,1.0,0.0031545741324921135,0.5,319.0,2018.0
city40,2017,318.0,272.0,,,,71.0,1603.0,68872.0,2.0,,22.0,88.0,84.0,194.0,,,,,,,318.0,317.0,2016.0,2015.0,1.0,2.0,0.0,0.0,0.5,320.0,2019.0
city40,2018,319.0,271.0,,,,71.0,,75312.0,2.0,,22.0,88.0,84.0,194.0,,,,,,,318.0,318.0,2017.0,2016.0,1.0,2.0,1.0,0.0031446540880503146,0.5,320.0,2020.0
city40,2019,320.0,271.0,,,,78.0,1600.0,79608.0,2.0,,22.0,85.0,88.0,195.0,,,,,,,319.0,318.0,2018.0,2017.0,1.0,2.0,1.0,0.003134796238244514,1.0,321.0,2021.0
city40,2020,320.0,270.0,38.0,207.0,76.0,80.0,1600.0,87012.0,2.0,,22.0,84.0,90.0,196.0,,,,,,,320.0,319.0,2019.0,2018.0,1.0,2.0,0.0,0.0,0.5,,2022.0
city40,2021,321.0,65.0,,,,80.0,,93128.0,2.0,,20.0,79.0,100.0,199.0,,,,,,,320.0,320.0,2020.0,2019.0,1.0,2.0,1.0,0.003125,0.5,,
city40,2022,,,,,,,,,3.0,,,,,,,,,,,,321.0,320.0,2021.0,2020.0,1.0,2.0,,,,,
city5,2000,,,100.0,,,,,,3.0,,,,,,,,,,,,,,,,,,,,,,2002.0
city5,2001,679.0,0.0,,,,,684.0,11776.0,4.0,,,,,,,,,,,,,,2000.0,,1.0,,,,,,2003.0
city5,2002,,,,,,,688.0,13668.0,4.0,324.0,62.0,161.0,101.0,324.0,,,,,,,679.0,,2001.0,2000.0,1.0,2.0,,,,,2004.0
city5,2003,,,,,,,696.0,15920.0,4.0,346.0,55.0,195.0,96.0,346.0,,,,,,,,679.0,2002.0,2001.0,1.0,2.0,,,,,2005.0
city5,2004,,,,,,,706.0,19788.0,4.0,363.0,49.0,211.0,103.0,363.0,,,,,,,,,2003.0,2002.0,1.0,2.0,,,,,2006.0
city5,2005,,,,,,,715.0,22508.0,3.0,398.0,43.0,232.0,123.0,398.0,,,,,,,,,2004.0,2003.0,1.0,2.0,,,,810.0,2007.0
city5,2006,,,,,,,726.0,25012.0,3.0,431.0,36.0,264.0,132.0,432.0,,,,,,,,,2005.0,2004.0,1.0,2.0,,,,882.0,2008.0
city5,2007,810.0,616.0,,,,65.0,736.0,28008.0,3.0,483.0,34.0,307.0,143.0,484.0,,,,,,,,,2006.0,2005.0,1.0,2.0,,,,913.0,2009.0
city5,2008,882.0,624.0,,,,66.0,742.0,31400.0,,518.0,32.0,304.0,182.0,518.0,,,,,,,810.0,,2007.0,2006.0,1.0,2.0,72.0,0.08888888888888889,,937.0,2010.0
city5,2009,913.0,630.0,,,,66.0,746.0,36088.0,3.0,550.0,30.0,314.0,206.0,550.0,,,,,,,882.0,810.0,2008.0,2007.0,1.0,2.0,31.0,0.035147392290249435,51.5,1047.0,2011.0
city5,2010,937.0,633.0,96.0,816.0,133.0,66.0,751.0,40260.0,3.0,589.0,28.0,330.0,231.0,589.0,,,,,,,913.0,882.0,2009.0,2008.0,1.0,2.0,24.0,0.02628696604600219,27.5,1052.0,2012.0
city5,2011,1047.0,638.0,,,,71.0,757.0,45564.0,3.0,609.0,26.0,336.0,247.0,609.0,,,,,,,937.0,913.0,2010.0,2009.0,1.0,2.0,110.0,0.11739594450373532,67.0,1055.0,2013.0
city5,2012,1052.0,642.0,,,,71.0,763.0,51656.0,3.0,694.0,25.0,427.0,242.0,694.0,,,,,,,1047.0,937.0,2011.0,2010.0,1.0,2.0,5.0,0.004775549188156638,57.5,1058.0,2014.0
city5,2013,1055.0,648.0,,,,72.0,1246.0,57620.0,2.0,695.0,25.0,426.0,244.0,695.0,,,,,,,1052.0,1047.0,2012.0,2011.0,1.0,2.0,3.0,0.0028517110266159697,4.0,1060.0,2015.0
city5,2014,1058.0,654.0,,,,73.0,764.0,60528.0,2.0,693.0,25.0,420.0,249.0,694.0,,,,,,,1055.0,1052.0,2013.0,2012.0,1.0,2.0,3.0,0.002843601895734597,3.0,1062.0,2016.0
city5,2015,1060.0,661.0,,,,74.0,770.0,66956.0,,691.0,24.0,415.0,253.0,692.0,,,,,,,1058.0,1055.0,2014.0,2013.0,1.0,2.0,2.0,0.001890359168241966,2.5,1065.0,2017.0
city5,2016,1062.0,667.0,,,,75.0,2049.0,72288.0,2.0,691.0,24.0,412.0,256.0,692.0,,,,,,,1060.0,1058.0,2015.0,2014.0,1.0,2.0,2.0,0.0018867924528301887,2.0,1068.0,2018.0
city5,2017,1065.0,678.0,,,,76.0,,79868.0,2.0,691.0,24.0,412.0,256.0,692.0,,,,,,,1062.0,1060.0,2016.0,2015.0,1.0,2.0,3.0,0.002824858757062147,2.5,1072.0,2019.0
city5,2018,1068.0,691.0,,,,76.0,2344.0,87348.0,2.0,692.0,22.0,406.0,265.0,693.0,,,,,,,1065.0,1062.0,2017.0,2016.0,1.0,2.0,3.0,0.0028169014084507044,3.0,1271.0,2020.0
city5,2019,1072.0,704.0,,,,76.0,2520.0,94420.0,,693.0,21.0,404.0,268.0,693.0,,,,,,,1068.0,1065.0,2018.0,2017.0,1.0,2.0,4.0,0.003745318352059925,3.5,1275.0,2021.0
city5,2020,1271.0,723.0,173.0,886.0,216.0,82.0,,105572.0,2.0,748.0,19.0,384.0,344.0,747.0,,,,,,,1072.0,1068.0,2019.0,2018.0,1.0,2.0,199.0,0.18563432835820895,101.5,,2022.0
city5,2021,1275.0,744.0,,,,82.0,,113744.0,2.0,749.0,18.0,386.0,345.0,749.0,,,,,,,1271.0,1072.0,2020.0,2019.0,1.0,2.0,4.0,0.003147128245476003,101.5,,
city5,2022,,,,,,82.0,,,,,,,,,,,,,,,1275.0,1271.0,2021.0,2020.0,1.0,2.0,,,,,
city6,2000,,,144.0,276.0,30.0,,,,3.0,194.0,,,,,,,,,,,,,,,,,,,,549.0,2002.0
city6,2001,534.0,332.0,,,,,1427.0,12496.0,4.0,190.0,,,,,,,,,,,,,2000.0,,1.0,,,,,557.0,2003.0
city6,2002,549.0,336.0,,,,,1446.0,14220.0,3.0,206.0,,,,,,,,,,,534.0,,2001.0,2000.0,1.0,2.0,15.0,0.028089887640449437,,564.0,2004.0
city6,2003,557.0,339.0,,,,,1466.0,15872.0,2.0,203.0,,,,,,,,,,,549.0,534.0,2002.0,2001.0,1.0,2.0,8.0,0.014571948998178506,11.5,575.0,2005.0
city6,2004,564.0,344.0,,,,,1494.0,17640.0,2.0,210.0,,,,,,,,,,,557.0,549.0,2003.0,2002.0,1.0,2.0,7.0,0.012567324955116697,7.5,580.0,2006.0
city6,2005,575.0,351.0,,,,,1507.0,19560.0,2.0,215.0,,,,,,,,,,,564.0,557.0,2004.0,2003.0,1.0,2.0,11.0,0.01950354609929078,9.0,604.0,2007.0
city6,2006,580.0,354.0,,,,78.0,1522.0,22116.0,2.0,222.0,29.0,197.0,125.0,351.0,,,,,,,575.0,564.0,2005.0,2004.0,1.0,2.0,5.0,0.008695652173913044,8.0,630.0,2008.0
city6,2007,604.0,358.0,,,,91.0,1539.0,25204.0,2.0,233.0,28.0,203.0,128.0,359.0,,,,,,,580.0,575.0,2006.0,2005.0,1.0,2.0,24.0,0.041379310344827586,14.5,657.0,2009.0
city6,2008,630.0,361.0,,,,91.0,1708.0,28328.0,2.0,234.0,28.0,197.0,137.0,362.0,,,,,,,604.0,580.0,2007.0,2006.0,1.0,2.0,26.0,0.04304635761589404,25.0,687.0,2010.0
city6,2009,657.0,364.0,,,,92.0,1786.0,31044.0,2.0,234.0,27.0,206.0,148.0,381.0,,,,,,,630.0,604.0,2008.0,2007.0,1.0,2.0,27.0,0.04285714285714286,26.5,720.0,2011.0
city6,2010,687.0,368.0,30.0,642.0,36.0,92.0,1871.0,,2.0,250.0,26.0,264.0,153.0,443.0,,,,,,,657.0,630.0,2009.0,2008.0,1.0,2.0,30.0,0.045662100456621,28.5,761.0,2012.0
city6,2011,720.0,371.0,,,,94.0,1879.0,37080.0,2.0,253.0,26.0,265.0,154.0,445.0,,,21992.0,11184.0,30715.0,13860.0,687.0,657.0,2010.0,2009.0,1.0,2.0,33.0,0.048034934497816595,31.5,796.0,2013.0
city6,2012,761.0,375.0,,,,95.0,1912.0,40664.0,2.0,248.0,27.0,258.0,152.0,437.0,,,23780.0,11456.0,34580.0,15684.0,720.0,687.0,2011.0,2010.0,1.0,2.0,41.0,0.05694444444444444,37.0,824.0,2014.0
city6,2013,796.0,378.0,,,,95.0,1921.0,46204.0,2.0,244.0,25.0,257.0,156.0,438.0,,,26164.0,12692.0,38035.0,17500.0,761.0,720.0,2012.0,2011.0,1.0,2.0,35.0,0.045992115637319315,38.0,850.0,2015.0
city6,2014,824.0,382.0,,,,95.0,1936.0,50352.0,2.0,243.0,22.0,257.0,159.0,438.0,,,28308.0,13472.0,36555.0,20092.0,796.0,761.0,2013.0,2012.0,1.0,2.0,28.0,0.035175879396984924,31.5,864.0,2016.0
city6,2015,850.0,386.0,,,,95.0,2276.0,55676.0,2.0,243.0,22.0,253.0,164.0,439.0,35140.0,24848.0,26040.0,15048.0,39755.0,22060.0,824.0,796.0,2014.0,2013.0,1.0,2.0,26.0,0.03155339805825243,27.0,875.0,2017.0
city6,2016,864.0,389.0,,,,94.0,2303.0,61808.0,2.0,244.0,22.0,252.0,165.0,439.0,38500.0,27712.0,28396.0,16736.0,43120.0,24156.0,850.0,824.0,2015.0,2014.0,1.0,2.0,14.0,0.01647058823529412,20.0,900.0,2018.0
city6,2017,875.0,400.0,,,,94.0,2370.0,67184.0,2.0,245.0,21.0,247.0,167.0,435.0,41940.0,30560.0,31300.0,18260.0,46845.0,26388.0,864.0,850.0,2016.0,2015.0,1.0,2.0,11.0,0.01273148148148148,12.5,926.0,2019.0
city6,2018,900.0,420.0,,,,94.0,2438.0,,2.0,247.0,19.0,264.0,247.0,530.0,45812.0,32648.0,33448.0,19904.0,50735.0,28764.0,875.0,864.0,2017.0,2016.0,1.0,2.0,25.0,0.02857142857142857,18.0,943.0,2020.0
city6,2019,926.0,437.0,,,,95.0,2483.0,,2.0,258.0,21.0,263.0,248.0,532.0,49628.0,34052.0,34800.0,21820.0,55230.0,31500.0,900.0,875.0,2018.0,2017.0,1.0,2.0,26.0,0.028888888888888888,25.5,952.0,2021.0
city6,2020,943.0,461.0,138.0,732.0,66.0,95.0,2506.0,,2.0,257.0,23.0,297.0,279.0,599.0,54040.0,37160.0,37968.0,22256.0,57445.0,33440.0,926.0,900.0,2019.0,2018.0,1.0,2.0,17.0,0.0183585313174946,21.5,,2022.0
city6,2021,952.0,474.0,,,,95.0,2531.0,,2.0,258.0,22.0,301.0,277.0,600.0,56244.0,36936.0,37664.0,25032.0,62940.0,37064.0,943.0,926.0,2020.0,2019.0,1.0,2.0,9.0,0.009544008483563097,13.0,,
city6,2022,,,,,,95.0,,,,,,,,,61698.0,40540.0,41324.0,,,,952.0,943.0,2021.0,2020.0,1.0,2.0,,,,,
city7,2000,,,79.0,295.0,56.0,,,,,,,,,,,,,,,,,,,,,,,,,,2002.0
city7,2001,,,,,,,,11460.0,4.0,,,,,,,,,,,,,,2000.0,,1.0,,,,,,2003.0
city7,2002,,,,,,,,14728.0,4.0,,,,,,,,,,,,,,2001.0,2000.0,1.0,2.0,,,,,2004.0
city7,2003,,,,,,,,16860.0,4.0,285.0,80.0,137.0,68.0,285.0,,,,,,,,,2002.0,2001.0,1.0,2.0,,,,,2005.0
city7,2004,,,,,,,,19692.0,4.0,285.0,75.0,140.0,70.0,285.0,,,,,,,,,2003.0,2002.0,1.0,2.0,,,,439.0,2006.0
city7,2005,,,,,,,529.0,21576.0,4.0,285.0,65.0,148.0,73.0,286.0,,,,,,,,,2004.0,2003.0,1.0,2.0,,,,450.0,2007.0
city7,2006,439.0,435.0,,,,,542.0,24628.0,3.0,294.0,56.0,157.0,81.0,294.0,,,,,,,,,2005.0,2004.0,1.0,2.0,,,,458.0,2008.0
city7,2007,450.0,436.0,,,,56.0,552.0,26912.0,3.0,301.0,53.0,162.0,87.0,302.0,,,,,,,439.0,,2006.0,2005.0,1.0,2.0,11.0,0.025056947608200455,,464.0,2009.0
city7,2008,458.0,436.0,,,,57.0,559.0,29952.0,3.0,315.0,53.0,170.0,93.0,316.0,,,,,,,450.0,439.0,2007.0,2006.0,1.0,2.0,8.0,0.017777777777777778,9.5,470.0,2010.0
city7,2009,464.0,437.0,,,,57.0,567.0,30636.0,4.0,329.0,52.0,172.0,105.0,329.0,,,,,,,458.0,450.0,2008.0,2007.0,1.0,2.0,6.0,0.013100436681222707,7.0,491.0,2011.0
city7,2010,470.0,438.0,63.0,353.0,75.0,58.0,592.0,32500.0,3.0,342.0,51.0,181.0,110.0,342.0,,,,,,,464.0,458.0,2009.0,2008.0,1.0,2.0,6.0,0.01293103448275862,6.0,493.0,2012.0
city7,2011,491.0,439.0,,,,59.0,594.0,35124.0,,343.0,52.0,181.0,111.0,344.0,,,,,,,470.0,464.0,2010.0,2009.0,1.0,2.0,21.0,0.04468085106382979,13.5,494.0,2013.0
city7,2012,493.0,440.0,,,,59.0,596.0,39808.0,3.0,344.0,51.0,180.0,112.0,343.0,,,,,,,491.0,470.0,2011.0,2010.0,1.0,2.0,2.0,0.004073319755600814,11.5,495.0,2014.0
city7,2013,494.0,441.0,,,,60.0,596.0,45612.0,3.0,344.0,51.0,179.0,114.0,344.0,,,,13868.0,39565.0,21304.0,493.0,491.0,2012.0,2011.0,1.0,2.0,1.0,0.002028397565922921,1.5,496.0,2015.0
city7,2014,495.0,442.0,,,,61.0,597.0,49032.0,3.0,346.0,46.0,179.0,120.0,345.0,,,24220.0,15632.0,43165.0,23536.0,494.0,493.0,2013.0,2012.0,1.0,2.0,1.0,0.0020242914979757085,1.0,497.0,2016.0
city7,2015,496.0,443.0,,,,62.0,599.0,54764.0,3.0,347.0,46.0,178.0,123.0,347.0,35332.0,22000.0,26228.0,17120.0,46745.0,25648.0,495.0,494.0,2014.0,2013.0,1.0,2.0,1.0,0.00202020202020202,1.0,499.0,2017.0
city7,2016,497.0,443.0,,,,63.0,601.0,58728.0,2.0,348.0,46.0,178.0,124.0,348.0,38388.0,23784.0,28156.0,17784.0,50305.0,27744.0,496.0,495.0,2015.0,2014.0,1.0,2.0,1.0,0.0020161290322580645,1.0,501.0,2018.0
city7,2017,499.0,445.0,,,,64.0,604.0,61392.0,2.0,348.0,45.0,178.0,125.0,348.0,41504.0,24540.0,28856.0,19216.0,54445.0,30328.0,497.0,496.0,2016.0,2015.0,1.0,2.0,2.0,0.004024144869215292,1.5,504.0,2019.0
city7,2018,501.0,446.0,,,,66.0,607.0,67488.0,2.0,347.0,45.0,175.0,127.0,347.0,45304.0,26456.0,30876.0,20888.0,59045.0,33096.0,499.0,497.0,2017.0,2016.0,1.0,2.0,2.0,0.004008016032064128,2.0,506.0,2020.0
city7,2019,504.0,447.0,,,,67.0,609.0,75372.0,2.0,348.0,45.0,173.0,130.0,348.0,49388.0,28688.0,33316.0,22656.0,63935.0,36120.0,501.0,499.0,2018.0,2017.0,1.0,2.0,3.0,0.005988023952095809,2.5,527.0,2021.0
city7,2020,506.0,448.0,63.0,345.0,119.0,68.0,635.0,,2.0,,,,,,53836.0,31108.0,35924.0,23132.0,66690.0,38696.0,504.0,501.0,2019.0,2018.0,1.0,2.0,2.0,0.003968253968253968,2.5,,2022.0
city7,2021,527.0,448.0,,,,71.0,643.0,85836.0,2.0,330.0,18.0,160.0,152.0,330.0,56600.0,31612.0,36392.0,27468.0,73100.0,42636.0,506.0,504.0,2020.0,2019.0,1.0,2.0,21.0,0.041501976284584984,11.5,,
city7,2022,,,,,,72.0,645.0,,,,,,,,62508.0,37445.0,42764.0,29772.0,76195.0,45708.0,527.0,506.0,2021.0,2020.0,1.0,2.0,,,,,
city8,2000,,,117.0,,,,,,3.0,,,,,,,,,,,,,,,,,,,,,,2002.0
city8,2001,504.0,,,,,,511.0,7976.0,3.0,,,,,,,,,,,,,,2000.0,,1.0,,,,,,2003.0
city8,2002,,,,,,,514.0,8948.0,4.0,237.0,138.0,45.0,53.0,236.0,,,,,,,504.0,,2001.0,2000.0,1.0,2.0,,,,,2004.0
city8,2003,,,,,,,516.0,9852.0,4.0,262.0,126.0,45.0,90.0,261.0,,,,,,,,504.0,2002.0,2001.0,1.0,2.0,,,,,2005.0
city8,2004,,,,,,,520.0,10800.0,,270.0,118.0,48.0,104.0,270.0,,,,,,,,,2003.0,2002.0,1.0,2.0,,,,,2006.0
city8,2005,,,,,,,524.0,12168.0,,274.0,112.0,55.0,107.0,274.0,,,,,,,,,2004.0,2003.0,1.0,2.0,,,,492.0,2007.0
city8,2006,,,,,,,529.0,14132.0,4.0,282.0,101.0,68.0,112.0,281.0,,,,,,,,,2005.0,2004.0,1.0,2.0,,,,486.0,2008.0
city8,2007,492.0,533.0,,,,38.0,530.0,16588.0,3.0,294.0,99.0,82.0,114.0,295.0,,,,,,,,,2006.0,2005.0,1.0,2.0,,,,482.0,2009.0
city8,2008,486.0,534.0,,,,40.0,533.0,19840.0,3.0,313.0,97.0,95.0,121.0,313.0,,,,,,,492.0,,2007.0,2006.0,1.0,2.0,-6.0,-0.012195121951219513,,481.0,2010.0
city8,2009,482.0,537.0,,,,41.0,530.0,23992.0,3.0,347.0,98.0,110.0,139.0,347.0,,,,,,,486.0,492.0,2008.0,2007.0,1.0,2.0,-4.0,-0.00823045267489712,-5.0,480.0,2011.0
city8,2010,481.0,534.0,81.0,,,43.0,535.0,28176.0,3.0,327.0,94.0,104.0,128.0,326.0,,,,,,,482.0,486.0,2009.0,2008.0,1.0,2.0,-1.0,-0.002074688796680498,-2.5,480.0,2012.0
city8,2011,480.0,539.0,,,,51.0,539.0,32780.0,3.0,361.0,94.0,126.0,142.0,362.0,,,11636.0,,20260.0,,481.0,482.0,2010.0,2009.0,1.0,2.0,-1.0,-0.002079002079002079,-1.0,480.0,2013.0
city8,2012,480.0,543.0,,,,52.0,543.0,36984.0,2.0,280.0,84.0,85.0,112.0,281.0,,,13312.0,,22995.0,,480.0,481.0,2011.0,2010.0,1.0,2.0,0.0,0.0,-0.5,483.0,2014.0
city8,2013,480.0,547.0,,,,54.0,479.0,41968.0,2.0,281.0,83.0,85.0,114.0,282.0,,,14860.0,,,,480.0,480.0,2012.0,2011.0,1.0,2.0,0.0,0.0,0.0,485.0,2015.0
city8,2014,483.0,553.0,,,,55.0,559.0,45520.0,2.0,282.0,80.0,88.0,114.0,282.0,,,,5944.0,25795.0,,480.0,480.0,2013.0,2012.0,1.0,2.0,3.0,0.00625,1.5,487.0,2016.0
city8,2015,485.0,560.0,,,,57.0,562.0,51300.0,2.0,283.0,79.0,89.0,115.0,283.0,,,,6528.0,28105.0,10024.0,483.0,480.0,2014.0,2013.0,1.0,2.0,2.0,0.004140786749482402,2.5,489.0,2017.0
city8,2016,487.0,564.0,,,,58.0,5226.0,55232.0,2.0,284.0,78.0,90.0,116.0,284.0,,,,6920.0,30335.0,14316.0,485.0,483.0,2015.0,2014.0,1.0,2.0,2.0,0.004123711340206186,2.0,491.0,2018.0
city8,2017,489.0,568.0,,,,60.0,,59640.0,2.0,284.0,78.0,90.0,116.0,284.0,,,,,24880.0,11928.0,487.0,485.0,2016.0,2015.0,1.0,2.0,2.0,0.004106776180698152,2.0,493.0,2019.0
city8,2018,491.0,561.0,,,,61.0,5181.0,64628.0,2.0,285.0,77.0,90.0,118.0,285.0,,,,,35825.0,17056.0,489.0,487.0,2017.0,2016.0,1.0,2.0,2.0,0.00408997955010225,2.0,464.0,2020.0
city8,2019,493.0,561.0,,,,62.0,5420.0,71472.0,2.0,285.0,76.0,90.0,119.0,285.0,,,,,38950.0,18564.0,491.0,489.0,2018.0,2017.0,1.0,2.0,2.0,0.004073319755600814,2.0,456.0,2021.0
city8,2020,464.0,560.0,81.0,271.0,104.0,64.0,,77872.0,2.0,269.0,70.0,85.0,113.0,268.0,,,,,40315.0,19728.0,493.0,491.0,2019.0,2018.0,1.0,2.0,-29.0,-0.058823529411764705,-13.5,,2022.0
city8,2021,456.0,558.0,,,,66.0,,83216.0,4.0,265.0,66.0,86.0,113.0,265.0,,,,,43950.0,21884.0,464.0,493.0,2020.0,2019.0,1.0,2.0,-8.0,-0.017241379310344827,-18.5,,
city8,2022,,,,,,66.0,,,,,,,,,,,,,46040.0,23404.0,456.0,464.0,2021.0,2020.0,1.0,2.0,,,,,
city9,2000,,,210.0,336.0,42.0,,,,3.0,279.0,,,,,,,,,,,,,,,,,,,,542.0,2002.0
city9,2001,525.0,645.0,,,,,473.0,8216.0,3.0,282.0,,,,,,,,,,,,,2000.0,,1.0,,,,,552.0,2003.0
city9,2002,542.0,655.0,,,,,482.0,9472.0,4.0,288.0,,,,,,,,,,,525.0,,2001.0,2000.0,1.0,2.0,17.0,0.03238095238095238,,562.0,2004.0
city9,2003,552.0,661.0,,,,,491.0,10380.0,3.0,280.0,,,,,,,,,,,542.0,525.0,2002.0,2001.0,1.0,2.0,10.0,0.01845018450184502,13.5,576.0,2005.0
city9,2004,562.0,668.0,,,,,503.0,12436.0,3.0,284.0,,,,,,,,,,,552.0,542.0,2003.0,2002.0,1.0,2.0,10.0,0.018115942028985508,10.0,584.0,2006.0
city9,2005,576.0,671.0,,,,,510.0,14528.0,3.0,287.0,,,,,,,,,,,562.0,552.0,2004.0,2003.0,1.0,2.0,14.0,0.02491103202846975,12.0,595.0,2007.0
city9,2006,584.0,679.0,,,,39.0,517.0,16104.0,3.0,303.0,171.0,68.0,64.0,303.0,,,,,,,576.0,562.0,2005.0,2004.0,1.0,2.0,8.0,0.013888888888888888,11.0,598.0,2008.0
city9,2007,595.0,702.0,,,,37.0,528.0,17148.0,3.0,315.0,171.0,81.0,62.0,314.0,,,,,,,584.0,576.0,2006.0,2005.0,1.0,2.0,11.0,0.018835616438356163,9.5,593.0,2009.0
city9,2008,598.0,716.0,,,,37.0,519.0,19884.0,3.0,333.0,184.0,81.0,67.0,332.0,,,,,,,595.0,584.0,2007.0,2006.0,1.0,2.0,3.0,0.005042016806722689,7.0,588.0,2010.0
city9,2009,593.0,726.0,,,,37.0,515.0,22036.0,3.0,347.0,184.0,88.0,75.0,347.0,,,,,,,598.0,595.0,2008.0,2007.0,1.0,2.0,-5.0,-0.008361204013377926,-1.0,583.0,2011.0
city9,2010,588.0,735.0,48.0,468.0,54.0,38.0,510.0,24256.0,3.0,273.0,149.0,58.0,67.0,274.0,,,,,,,593.0,598.0,2009.0,2008.0,1.0,2.0,-5.0,-0.008431703204047217,-5.0,585.0,2012.0
city9,2011,583.0,747.0,,,,35.0,515.0,25808.0,3.0,276.0,149.0,56.0,71.0,276.0,,,10180.0,5584.0,16110.0,8188.0,588.0,593.0,2010.0,2009.0,1.0,2.0,-5.0,-0.008503401360544218,-5.0,591.0,2013.0
city9,2012,585.0,761.0,,,,36.0,522.0,30580.0,3.0,278.0,147.0,57.0,74.0,278.0,,,13160.0,6624.0,18030.0,9504.0,583.0,588.0,2011.0,2010.0,1.0,2.0,2.0,0.003430531732418525,-1.5,592.0,2014.0
city9,2013,591.0,749.0,,,,37.0,526.0,36664.0,2.0,281.0,145.0,60.0,76.0,281.0,,,14300.0,7624.0,20035.0,10704.0,585.0,583.0,2012.0,2011.0,1.0,2.0,6.0,0.010256410256410256,4.0,593.0,2015.0
city9,2014,592.0,758.0,,,,38.0,529.0,42888.0,2.0,281.0,142.0,61.0,78.0,281.0,,,15484.0,9860.0,19540.0,11912.0,591.0,585.0,2013.0,2012.0,1.0,2.0,1.0,0.001692047377326565,3.5,593.0,2016.0
city9,2015,593.0,772.0,,,,39.0,519.0,48156.0,2.0,282.0,142.0,62.0,78.0,282.0,15264.0,11236.0,13928.0,10644.0,21395.0,13224.0,592.0,591.0,2014.0,2013.0,1.0,2.0,1.0,0.0016891891891891893,1.0,594.0,2017.0
city9,2016,593.0,786.0,,,,37.0,520.0,53036.0,2.0,283.0,142.0,62.0,79.0,283.0,16844.0,12428.0,15292.0,11696.0,23320.0,14520.0,593.0,592.0,2015.0,2014.0,1.0,2.0,0.0,0.0,0.5,599.0,2018.0
city9,2017,594.0,799.0,,,,38.0,524.0,57056.0,2.0,284.0,140.0,64.0,81.0,285.0,18400.0,13480.0,16264.0,12480.0,25315.0,15692.0,593.0,593.0,2016.0,2015.0,1.0,2.0,1.0,0.0016863406408094434,0.5,606.0,2019.0
city9,2018,599.0,804.0,,,,38.0,530.0,61440.0,2.0,286.0,136.0,62.0,129.0,327.0,19884.0,14492.0,17512.0,13484.0,27160.0,16948.0,594.0,593.0,2017.0,2016.0,1.0,2.0,5.0,0.008417508417508417,3.0,612.0,2020.0
city9,2019,606.0,811.0,,,,40.0,535.0,67840.0,2.0,278.0,136.0,62.0,126.0,324.0,21348.0,15440.0,18020.0,14448.0,29405.0,18480.0,599.0,594.0,2018.0,2017.0,1.0,2.0,7.0,0.011686143572621035,6.0,618.0,2021.0
city9,2020,612.0,818.0,162.0,372.0,72.0,41.0,540.0,73056.0,2.0,271.0,79.0,61.0,131.0,271.0,23176.0,16516.0,19256.0,15044.0,30730.0,19620.0,606.0,599.0,2019.0,2018.0,1.0,2.0,6.0,0.009900990099009901,6.5,,2022.0
city9,2021,618.0,823.0,,,,44.0,543.0,86584.0,2.0,272.0,77.0,62.0,133.0,272.0,24600.0,17012.0,19440.0,16452.0,33420.0,21560.0,612.0,606.0,2020.0,2019.0,1.0,2.0,6.0,0.00980392156862745,6.0,,
city9,2022,,,,,,45.0,,,,,,,,,26724.0,18275.0,20636.0,,,,618.0,612.0,2021.0,2020.0,1.0,2.0,,,,,
ctiy22,2011,,,,,,,,,,,,,,,,,,,28311.0,,,,,,,,,,,,2013.0
ctiy22,2012,,,,,,,,,,,,,,,,,,,32199.0,,,,2011.0,,1.0,,,,,,2014.0
ctiy22,2013,,,,,,,,,,,,,,,,,,,36321.0,,,,2012.0,2011.0,1.0,2.0,,,,,2015.0
ctiy22,2014,,,,,,,,,,,,,,,,,,,39879.0,,,,2013.0,2012.0,1.0,2.0,,,,,2016.0
ctiy22,2015,,,,,,,,,,,,,,,,,,,42567.0,,,,2014.0,2013.0,1.0,2.0,,,,,2017.0
ctiy22,2016,,,,,,,,,,,,,,,,,,,46104.0,,,,2015.0,2014.0,1.0,2.0,,,,,2018.0
ctiy22,2017,,,,,,,,,,,,,,,,,,,49995.0,,,,2016.0,2015.0,1.0,2.0,,,,,2019.0
ctiy22,2018,,,,,,,,,,,,,,,,,,,54537.0,,,,2017.0,2016.0,1.0,2.0,,,,,2020.0
ctiy22,2019,,,,,,,,,,,,,,,,,,,59307.0,,,,2018.0,2017.0,1.0,2.0,,,,,2021.0
ctiy22,2020,,,,,,,,,,,,,,,,,,,64371.0,,,,2019.0,2018.0,1.0,2.0,,,,,2022.0
ctiy22,2021,,,,,,,,,,,,,,,,,,,67551.0,,,,2020.0,2019.0,1.0,2.0,,,,,
ctiy22,2022,,,,,,,,,,,,,,,,,,,73593.0,,,,2021.0,2020.0,1.0,2.0,,,,,
ctiy31,2011,,,,,,,,,,,,,,,,,,,21150.0,,,,,,,,,,,,2013.0
ctiy31,2012,,,,,,,,,,,,,,,,,,,23922.0,,,,2011.0,,1.0,,,,,,2014.0
ctiy31,2013,,,,,,,,,,,,,,,,,,,27015.0,,,,2012.0,2011.0,1.0,2.0,,,,,2015.0
ctiy31,2014,,,,,,,,,,,,,,,,,,,29772.0,,,,2013.0,2012.0,1.0,2.0,,,,,2016.0
ctiy31,2015,,,,,,,,,,,,,,,,,,,24975.0,,,,2014.0,2013.0,1.0,2.0,,,,,2017.0
ctiy31,2016,,,,,,,,,,,,,,,,,,,27114.0,,,,2015.0,2014.0,1.0,2.0,,,,,2018.0
ctiy31,2017,,,,,,,,,,,,,,,,,,,29556.0,,,,2016.0,2015.0,1.0,2.0,,,,,2019.0
ctiy31,2018,,,,,,,,,,,,,,,,,,,32475.0,,,,2017.0,2016.0,1.0,2.0,,,,,2020.0
ctiy31,2019,,,,,,,,,,,,,,,,,,,35463.0,,,,2018.0,2017.0,1.0,2.0,,,,,2021.0
ctiy31,2020,,,,,,,,,,,,,,,,,,,38595.0,,,,2019.0,2018.0,1.0,2.0,,,,,2022.0
ctiy31,2021,,,,,,,,,,,,,,,,,,,39921.0,,,,2020.0,2019.0,1.0,2.0,,,,,
ctiy31,2022,,,,,,,,,,,,,,,,,,,43620.0,,,,2021.0,2020.0,1.0,2.0,,,,,
